run_id,run_started_at,run_url,git_sha,sf,test,runner,cpu,mem_gb,python,engine,engine_version,engine_status,run_type,phase,query,dur,rows,status,error
35515861490-1,2026-09-20T14:14:31Z,https://github.com/djouallah/onelake-iceberg/actions/runs/35515861490,8f95d7b,10,tpch,linux-6.17.0-1022-azure,4,15.6,3.12.14,chdb_iceberg,4.4.0,ok,cold,setup,0,1.6069,,ok,
35515861490-1,2026-09-20T14:14:31Z,https://github.com/djouallah/onelake-iceberg/actions/runs/35515861490,8f95d7b,10,tpch,linux-6.17.0-1022-azure,4,15.6,3.12.14,chdb_iceberg,4.4.0,ok,cold,query,1,9.4104,4,ok,
35515861490-1,2026-09-20T14:14:31Z,https://github.com/djouallah/onelake-iceberg/actions/runs/35515861490,8f95d7b,10,tpch,linux-6.17.0-1022-azure,4,15.6,3.12.14,chdb_iceberg,4.4.0,ok,cold,query,2,7.4003,10,ok,
35515861490-1,2026-09-20T14:14:31Z,https://github.com/djouallah/onelake-iceberg/actions/runs/35515861490,8f95d7b,10,tpch,linux-6.17.0-1022-azure,4,15.6,3.12.14,chdb_iceberg,4.4.0,ok,cold,query,3,29.2045,10,ok,
35515861490-1,2026-09-20T14:14:31Z,https://github.com/djouallah/onelake-iceberg/actions/runs/35515861490,8f95d7b,10,tpch,linux-6.17.0-1022-azure,4,15.6,3.12.14,chdb_iceberg,4.4.0,ok,cold,query,4,3.4242,5,ok,
35515861490-1,2026-09-20T14:14:31Z,https://github.com/djouallah/onelake-iceberg/actions/runs/35515861490,8f95d7b,10,tpch,linux-6.17.0-1022-azure,4,15.6,3.12.14,chdb_iceberg,4.4.0,ok,cold,query,5,5.8798,5,ok,
35515861490-1,2026-09-20T14:14:31Z,https://github.com/djouallah/onelake-iceberg/actions/runs/35515861490,8f95d7b,10,tpch,linux-6.17.0-1022-azure,4,15.6,3.12.14,chdb_iceberg,4.4.0,ok,cold,query,6,1.1257,1,ok,
35515861490-1,2026-09-20T14:14:31Z,https://github.com/djouallah/onelake-iceberg/actions/runs/35515861490,8f95d7b,10,tpch,linux-6.17.0-1022-azure,4,15.6,3.12.14,chdb_iceberg,4.4.0,ok,cold,query,7,25.9073,9,ok,
35515861490-1,2026-09-20T14:14:31Z,https://github.com/djouallah/onelake-iceberg/actions/runs/35515861490,8f95d7b,10,tpch,linux-6.17.0-1022-azure,4,15.6,3.12.14,chdb_iceberg,4.4.0,ok,cold,query,8,7.793,2,ok,
35515861490-1,2026-09-20T14:14:31Z,https://github.com/djouallah/onelake-iceberg/actions/runs/35515861490,8f95d7b,10,tpch,linux-6.17.0-1022-azure,4,15.6,3.12.14,chdb_iceberg,4.4.0,ok,cold,query,9,6.6265,175,ok,
35515861490-1,2026-09-20T14:14:31Z,https://github.com/djouallah/onelake-iceberg/actions/runs/35515861490,8f95d7b,10,tpch,linux-6.17.0-1022-azure,4,15.6,3.12.14,chdb_iceberg,4.4.0,ok,cold,query,10,4.5343,20,ok,
35515861490-1,2026-09-20T14:14:31Z,https://github.com/djouallah/onelake-iceberg/actions/runs/35515861490,8f95d7b,10,tpch,linux-6.17.0-1022-azure,4,15.6,3.12.14,chdb_iceberg,4.4.0,ok,cold,query,11,2.2968,8685,ok,
35515861490-1,2026-09-20T14:14:31Z,https://github.com/djouallah/onelake-iceberg/actions/runs/35515861490,8f95d7b,10,tpch,linux-6.17.0-1022-azure,4,15.6,3.12.14,chdb_iceberg,4.4.0,ok,cold,query,12,2.448,2,ok,
35515861490-1,2026-09-20T14:14:31Z,https://github.com/djouallah/onelake-iceberg/actions/runs/35515861490,8f95d7b,10,tpch,linux-6.17.0-1022-azure,4,15.6,3.12.14,chdb_iceberg,4.4.0,ok,cold,query,13,4.2826,46,ok,
35515861490-1,2026-09-20T14:14:31Z,https://github.com/djouallah/onelake-iceberg/actions/runs/35515861490,8f95d7b,10,tpch,linux-6.17.0-1022-azure,4,15.6,3.12.14,chdb_iceberg,4.4.0,ok,cold,query,14,1.7276,1,ok,
35515861490-1,2026-09-20T14:14:31Z,https://github.com/djouallah/onelake-iceberg/actions/runs/35515861490,8f95d7b,10,tpch,linux-6.17.0-1022-azure,4,15.6,3.12.14,chdb_iceberg,4.4.0,ok,cold,query,15,2.3079,1,ok,
35515861490-1,2026-09-20T14:14:31Z,https://github.com/djouallah/onelake-iceberg/actions/runs/35515861490,8f95d7b,10,tpch,linux-6.17.0-1022-azure,4,15.6,3.12.14,chdb_iceberg,4.4.0,ok,cold,query,16,1.4864,27840,ok,
35515861490-1,2026-09-20T14:14:31Z,https://github.com/djouallah/onelake-iceberg/actions/runs/35515861490,8f95d7b,10,tpch,linux-6.17.0-1022-azure,4,15.6,3.12.14,chdb_iceberg,4.4.0,ok,cold,query,17,4.4217,1,ok,
35515861490-1,2026-09-20T14:14:31Z,https://github.com/djouallah/onelake-iceberg/actions/runs/35515861490,8f95d7b,10,tpch,linux-6.17.0-1022-azure,4,15.6,3.12.14,chdb_iceberg,4.4.0,ok,cold,query,18,3.2414,100,ok,
35515861490-1,2026-09-20T14:14:31Z,https://github.com/djouallah/onelake-iceberg/actions/runs/35515861490,8f95d7b,10,tpch,linux-6.17.0-1022-azure,4,15.6,3.12.14,chdb_iceberg,4.4.0,ok,cold,query,19,2.5158,1,ok,
35515861490-1,2026-09-20T14:14:31Z,https://github.com/djouallah/onelake-iceberg/actions/runs/35515861490,8f95d7b,10,tpch,linux-6.17.0-1022-azure,4,15.6,3.12.14,chdb_iceberg,4.4.0,ok,cold,query,20,3.3252,1804,ok,
35515861490-1,2026-09-20T14:14:31Z,https://github.com/djouallah/onelake-iceberg/actions/runs/35515861490,8f95d7b,10,tpch,linux-6.17.0-1022-azure,4,15.6,3.12.14,chdb_iceberg,4.4.0,ok,cold,query,21,9.131,100,ok,
35515861490-1,2026-09-20T14:14:31Z,https://github.com/djouallah/onelake-iceberg/actions/runs/35515861490,8f95d7b,10,tpch,linux-6.17.0-1022-azure,4,15.6,3.12.14,chdb_iceberg,4.4.0,ok,cold,query,22,2.6942,7,ok,
35515861490-1,2026-09-20T14:14:31Z,https://github.com/djouallah/onelake-iceberg/actions/runs/35515861490,8f95d7b,10,tpch,linux-6.17.0-1022-azure,4,15.6,3.12.14,chdb_iceberg,4.4.0,ok,warm,query,1,3.0878,4,ok,
35515861490-1,2026-09-20T14:14:31Z,https://github.com/djouallah/onelake-iceberg/actions/runs/35515861490,8f95d7b,10,tpch,linux-6.17.0-1022-azure,4,15.6,3.12.14,chdb_iceberg,4.4.0,ok,warm,query,2,4.9007,10,ok,
35515861490-1,2026-09-20T14:14:31Z,https://github.com/djouallah/onelake-iceberg/actions/runs/35515861490,8f95d7b,10,tpch,linux-6.17.0-1022-azure,4,15.6,3.12.14,chdb_iceberg,4.4.0,ok,warm,query,3,3.7364,10,ok,
35515861490-1,2026-09-20T14:14:31Z,https://github.com/djouallah/onelake-iceberg/actions/runs/35515861490,8f95d7b,10,tpch,linux-6.17.0-1022-azure,4,15.6,3.12.14,chdb_iceberg,4.4.0,ok,warm,query,4,2.6522,5,ok,
35515861490-1,2026-09-20T14:14:31Z,https://github.com/djouallah/onelake-iceberg/actions/runs/35515861490,8f95d7b,10,tpch,linux-6.17.0-1022-azure,4,15.6,3.12.14,chdb_iceberg,4.4.0,ok,warm,query,5,5.2832,5,ok,
35515861490-1,2026-09-20T14:14:31Z,https://github.com/djouallah/onelake-iceberg/actions/runs/35515861490,8f95d7b,10,tpch,linux-6.17.0-1022-azure,4,15.6,3.12.14,chdb_iceberg,4.4.0,ok,warm,query,6,1.0238,1,ok,
35515861490-1,2026-09-20T14:14:31Z,https://github.com/djouallah/onelake-iceberg/actions/runs/35515861490,8f95d7b,10,tpch,linux-6.17.0-1022-azure,4,15.6,3.12.14,chdb_iceberg,4.4.0,ok,warm,query,7,27.227,9,ok,
35515861490-1,2026-09-20T14:14:31Z,https://github.com/djouallah/onelake-iceberg/actions/runs/35515861490,8f95d7b,10,tpch,linux-6.17.0-1022-azure,4,15.6,3.12.14,chdb_iceberg,4.4.0,ok,warm,query,8,7.7498,2,ok,
35515861490-1,2026-09-20T14:14:31Z,https://github.com/djouallah/onelake-iceberg/actions/runs/35515861490,8f95d7b,10,tpch,linux-6.17.0-1022-azure,4,15.6,3.12.14,chdb_iceberg,4.4.0,ok,warm,query,9,7.8488,175,ok,
35515861490-1,2026-09-20T14:14:31Z,https://github.com/djouallah/onelake-iceberg/actions/runs/35515861490,8f95d7b,10,tpch,linux-6.17.0-1022-azure,4,15.6,3.12.14,chdb_iceberg,4.4.0,ok,warm,query,10,4.2378,20,ok,
35515861490-1,2026-09-20T14:14:31Z,https://github.com/djouallah/onelake-iceberg/actions/runs/35515861490,8f95d7b,10,tpch,linux-6.17.0-1022-azure,4,15.6,3.12.14,chdb_iceberg,4.4.0,ok,warm,query,11,2.2811,8685,ok,
35515861490-1,2026-09-20T14:14:31Z,https://github.com/djouallah/onelake-iceberg/actions/runs/35515861490,8f95d7b,10,tpch,linux-6.17.0-1022-azure,4,15.6,3.12.14,chdb_iceberg,4.4.0,ok,warm,query,12,2.4203,2,ok,
35515861490-1,2026-09-20T14:14:31Z,https://github.com/djouallah/onelake-iceberg/actions/runs/35515861490,8f95d7b,10,tpch,linux-6.17.0-1022-azure,4,15.6,3.12.14,chdb_iceberg,4.4.0,ok,warm,query,13,3.715,46,ok,
35515861490-1,2026-09-20T14:14:31Z,https://github.com/djouallah/onelake-iceberg/actions/runs/35515861490,8f95d7b,10,tpch,linux-6.17.0-1022-azure,4,15.6,3.12.14,chdb_iceberg,4.4.0,ok,warm,query,14,1.7605,1,ok,
35515861490-1,2026-09-20T14:14:31Z,https://github.com/djouallah/onelake-iceberg/actions/runs/35515861490,8f95d7b,10,tpch,linux-6.17.0-1022-azure,4,15.6,3.12.14,chdb_iceberg,4.4.0,ok,warm,query,15,2.5851,1,ok,
35515861490-1,2026-09-20T14:14:31Z,https://github.com/djouallah/onelake-iceberg/actions/runs/35515861490,8f95d7b,10,tpch,linux-6.17.0-1022-azure,4,15.6,3.12.14,chdb_iceberg,4.4.0,ok,warm,query,16,1.7801,27840,ok,
35515861490-1,2026-09-20T14:14:31Z,https://github.com/djouallah/onelake-iceberg/actions/runs/35515861490,8f95d7b,10,tpch,linux-6.17.0-1022-azure,4,15.6,3.12.14,chdb_iceberg,4.4.0,ok,warm,query,17,4.1228,1,ok,
35515861490-1,2026-09-20T14:14:31Z,https://github.com/djouallah/onelake-iceberg/actions/runs/35515861490,8f95d7b,10,tpch,linux-6.17.0-1022-azure,4,15.6,3.12.14,chdb_iceberg,4.4.0,ok,warm,query,18,3.1016,100,ok,
35515861490-1,2026-09-20T14:14:31Z,https://github.com/djouallah/onelake-iceberg/actions/runs/35515861490,8f95d7b,10,tpch,linux-6.17.0-1022-azure,4,15.6,3.12.14,chdb_iceberg,4.4.0,ok,warm,query,19,2.4277,1,ok,
35515861490-1,2026-09-20T14:14:31Z,https://github.com/djouallah/onelake-iceberg/actions/runs/35515861490,8f95d7b,10,tpch,linux-6.17.0-1022-azure,4,15.6,3.12.14,chdb_iceberg,4.4.0,ok,warm,query,20,2.782,1804,ok,
35515861490-1,2026-09-20T14:14:31Z,https://github.com/djouallah/onelake-iceberg/actions/runs/35515861490,8f95d7b,10,tpch,linux-6.17.0-1022-azure,4,15.6,3.12.14,chdb_iceberg,4.4.0,ok,warm,query,21,8.9683,100,ok,
35515861490-1,2026-09-20T14:14:31Z,https://github.com/djouallah/onelake-iceberg/actions/runs/35515861490,8f95d7b,10,tpch,linux-6.17.0-1022-azure,4,15.6,3.12.14,chdb_iceberg,4.4.0,ok,warm,query,22,2.0281,7,ok,
35515861490-1,2026-09-20T14:14:31Z,https://github.com/djouallah/onelake-iceberg/actions/runs/35515861490,8f95d7b,10,tpch,linux-6.17.0-1022-azure,4,15.6,3.12.14,duckdb_iceberg,2.0.0.dev2609121639,ok,cold,setup,0,7.1652,,ok,
35515861490-1,2026-09-20T14:14:31Z,https://github.com/djouallah/onelake-iceberg/actions/runs/35515861490,8f95d7b,10,tpch,linux-6.17.0-1022-azure,4,15.6,3.12.14,duckdb_iceberg,2.0.0.dev2609121639,ok,cold,query,1,7.3023,4,ok,
35515861490-1,2026-09-20T14:14:31Z,https://github.com/djouallah/onelake-iceberg/actions/runs/35515861490,8f95d7b,10,tpch,linux-6.17.0-1022-azure,4,15.6,3.12.14,duckdb_iceberg,2.0.0.dev2609121639,ok,cold,query,2,2.5543,10,ok,
35515861490-1,2026-09-20T14:14:31Z,https://github.com/djouallah/onelake-iceberg/actions/runs/35515861490,8f95d7b,10,tpch,linux-6.17.0-1022-azure,4,15.6,3.12.14,duckdb_iceberg,2.0.0.dev2609121639,ok,cold,query,3,3.4405,10,ok,
35515861490-1,2026-09-20T14:14:31Z,https://github.com/djouallah/onelake-iceberg/actions/runs/35515861490,8f95d7b,10,tpch,linux-6.17.0-1022-azure,4,15.6,3.12.14,duckdb_iceberg,2.0.0.dev2609121639,ok,cold,query,4,1.6374,5,ok,
35515861490-1,2026-09-20T14:14:31Z,https://github.com/djouallah/onelake-iceberg/actions/runs/35515861490,8f95d7b,10,tpch,linux-6.17.0-1022-azure,4,15.6,3.12.14,duckdb_iceberg,2.0.0.dev2609121639,ok,cold,query,5,1.9191,5,ok,
35515861490-1,2026-09-20T14:14:31Z,https://github.com/djouallah/onelake-iceberg/actions/runs/35515861490,8f95d7b,10,tpch,linux-6.17.0-1022-azure,4,15.6,3.12.14,duckdb_iceberg,2.0.0.dev2609121639,ok,cold,query,6,0.4643,1,ok,
35515861490-1,2026-09-20T14:14:31Z,https://github.com/djouallah/onelake-iceberg/actions/runs/35515861490,8f95d7b,10,tpch,linux-6.17.0-1022-azure,4,15.6,3.12.14,duckdb_iceberg,2.0.0.dev2609121639,ok,cold,query,7,0.9082,9,ok,
35515861490-1,2026-09-20T14:14:31Z,https://github.com/djouallah/onelake-iceberg/actions/runs/35515861490,8f95d7b,10,tpch,linux-6.17.0-1022-azure,4,15.6,3.12.14,duckdb_iceberg,2.0.0.dev2609121639,ok,cold,query,8,1.9761,2,ok,
35515861490-1,2026-09-20T14:14:31Z,https://github.com/djouallah/onelake-iceberg/actions/runs/35515861490,8f95d7b,10,tpch,linux-6.17.0-1022-azure,4,15.6,3.12.14,duckdb_iceberg,2.0.0.dev2609121639,ok,cold,query,9,2.0941,175,ok,
35515861490-1,2026-09-20T14:14:31Z,https://github.com/djouallah/onelake-iceberg/actions/runs/35515861490,8f95d7b,10,tpch,linux-6.17.0-1022-azure,4,15.6,3.12.14,duckdb_iceberg,2.0.0.dev2609121639,ok,cold,query,10,1.4276,20,ok,
35515861490-1,2026-09-20T14:14:31Z,https://github.com/djouallah/onelake-iceberg/actions/runs/35515861490,8f95d7b,10,tpch,linux-6.17.0-1022-azure,4,15.6,3.12.14,duckdb_iceberg,2.0.0.dev2609121639,ok,cold,query,11,0.1455,8685,ok,
35515861490-1,2026-09-20T14:14:31Z,https://github.com/djouallah/onelake-iceberg/actions/runs/35515861490,8f95d7b,10,tpch,linux-6.17.0-1022-azure,4,15.6,3.12.14,duckdb_iceberg,2.0.0.dev2609121639,ok,cold,query,12,0.6659,2,ok,
35515861490-1,2026-09-20T14:14:31Z,https://github.com/djouallah/onelake-iceberg/actions/runs/35515861490,8f95d7b,10,tpch,linux-6.17.0-1022-azure,4,15.6,3.12.14,duckdb_iceberg,2.0.0.dev2609121639,ok,cold,query,13,1.7122,46,ok,
35515861490-1,2026-09-20T14:14:31Z,https://github.com/djouallah/onelake-iceberg/actions/runs/35515861490,8f95d7b,10,tpch,linux-6.17.0-1022-azure,4,15.6,3.12.14,duckdb_iceberg,2.0.0.dev2609121639,ok,cold,query,14,0.7687,1,ok,
35515861490-1,2026-09-20T14:14:31Z,https://github.com/djouallah/onelake-iceberg/actions/runs/35515861490,8f95d7b,10,tpch,linux-6.17.0-1022-azure,4,15.6,3.12.14,duckdb_iceberg,2.0.0.dev2609121639,ok,cold,query,15,0.5809,1,ok,
35515861490-1,2026-09-20T14:14:31Z,https://github.com/djouallah/onelake-iceberg/actions/runs/35515861490,8f95d7b,10,tpch,linux-6.17.0-1022-azure,4,15.6,3.12.14,duckdb_iceberg,2.0.0.dev2609121639,ok,cold,query,16,0.244,27840,ok,
35515861490-1,2026-09-20T14:14:31Z,https://github.com/djouallah/onelake-iceberg/actions/runs/35515861490,8f95d7b,10,tpch,linux-6.17.0-1022-azure,4,15.6,3.12.14,duckdb_iceberg,2.0.0.dev2609121639,ok,cold,query,17,2.4743,1,ok,
35515861490-1,2026-09-20T14:14:31Z,https://github.com/djouallah/onelake-iceberg/actions/runs/35515861490,8f95d7b,10,tpch,linux-6.17.0-1022-azure,4,15.6,3.12.14,duckdb_iceberg,2.0.0.dev2609121639,ok,cold,query,18,1.3348,100,ok,
35515861490-1,2026-09-20T14:14:31Z,https://github.com/djouallah/onelake-iceberg/actions/runs/35515861490,8f95d7b,10,tpch,linux-6.17.0-1022-azure,4,15.6,3.12.14,duckdb_iceberg,2.0.0.dev2609121639,ok,cold,query,19,0.8914,1,ok,
35515861490-1,2026-09-20T14:14:31Z,https://github.com/djouallah/onelake-iceberg/actions/runs/35515861490,8f95d7b,10,tpch,linux-6.17.0-1022-azure,4,15.6,3.12.14,duckdb_iceberg,2.0.0.dev2609121639,ok,cold,query,20,1.0642,1804,ok,
35515861490-1,2026-09-20T14:14:31Z,https://github.com/djouallah/onelake-iceberg/actions/runs/35515861490,8f95d7b,10,tpch,linux-6.17.0-1022-azure,4,15.6,3.12.14,duckdb_iceberg,2.0.0.dev2609121639,ok,cold,query,21,3.8442,100,ok,
35515861490-1,2026-09-20T14:14:31Z,https://github.com/djouallah/onelake-iceberg/actions/runs/35515861490,8f95d7b,10,tpch,linux-6.17.0-1022-azure,4,15.6,3.12.14,duckdb_iceberg,2.0.0.dev2609121639,ok,cold,query,22,0.4977,7,ok,
35515861490-1,2026-09-20T14:14:31Z,https://github.com/djouallah/onelake-iceberg/actions/runs/35515861490,8f95d7b,10,tpch,linux-6.17.0-1022-azure,4,15.6,3.12.14,duckdb_iceberg,2.0.0.dev2609121639,ok,warm,query,1,1.2336,4,ok,
35515861490-1,2026-09-20T14:14:31Z,https://github.com/djouallah/onelake-iceberg/actions/runs/35515861490,8f95d7b,10,tpch,linux-6.17.0-1022-azure,4,15.6,3.12.14,duckdb_iceberg,2.0.0.dev2609121639,ok,warm,query,2,0.3282,10,ok,
35515861490-1,2026-09-20T14:14:31Z,https://github.com/djouallah/onelake-iceberg/actions/runs/35515861490,8f95d7b,10,tpch,linux-6.17.0-1022-azure,4,15.6,3.12.14,duckdb_iceberg,2.0.0.dev2609121639,ok,warm,query,3,0.8413,10,ok,
35515861490-1,2026-09-20T14:14:31Z,https://github.com/djouallah/onelake-iceberg/actions/runs/35515861490,8f95d7b,10,tpch,linux-6.17.0-1022-azure,4,15.6,3.12.14,duckdb_iceberg,2.0.0.dev2609121639,ok,warm,query,4,0.4522,5,ok,
35515861490-1,2026-09-20T14:14:31Z,https://github.com/djouallah/onelake-iceberg/actions/runs/35515861490,8f95d7b,10,tpch,linux-6.17.0-1022-azure,4,15.6,3.12.14,duckdb_iceberg,2.0.0.dev2609121639,ok,warm,query,5,1.0309,5,ok,
35515861490-1,2026-09-20T14:14:31Z,https://github.com/djouallah/onelake-iceberg/actions/runs/35515861490,8f95d7b,10,tpch,linux-6.17.0-1022-azure,4,15.6,3.12.14,duckdb_iceberg,2.0.0.dev2609121639,ok,warm,query,6,0.5141,1,ok,
35515861490-1,2026-09-20T14:14:31Z,https://github.com/djouallah/onelake-iceberg/actions/runs/35515861490,8f95d7b,10,tpch,linux-6.17.0-1022-azure,4,15.6,3.12.14,duckdb_iceberg,2.0.0.dev2609121639,ok,warm,query,7,0.9446,9,ok,
35515861490-1,2026-09-20T14:14:31Z,https://github.com/djouallah/onelake-iceberg/actions/runs/35515861490,8f95d7b,10,tpch,linux-6.17.0-1022-azure,4,15.6,3.12.14,duckdb_iceberg,2.0.0.dev2609121639,ok,warm,query,8,1.0975,2,ok,
35515861490-1,2026-09-20T14:14:31Z,https://github.com/djouallah/onelake-iceberg/actions/runs/35515861490,8f95d7b,10,tpch,linux-6.17.0-1022-azure,4,15.6,3.12.14,duckdb_iceberg,2.0.0.dev2609121639,ok,warm,query,9,2.1183,175,ok,
35515861490-1,2026-09-20T14:14:31Z,https://github.com/djouallah/onelake-iceberg/actions/runs/35515861490,8f95d7b,10,tpch,linux-6.17.0-1022-azure,4,15.6,3.12.14,duckdb_iceberg,2.0.0.dev2609121639,ok,warm,query,10,1.2898,20,ok,
35515861490-1,2026-09-20T14:14:31Z,https://github.com/djouallah/onelake-iceberg/actions/runs/35515861490,8f95d7b,10,tpch,linux-6.17.0-1022-azure,4,15.6,3.12.14,duckdb_iceberg,2.0.0.dev2609121639,ok,warm,query,11,0.1477,8685,ok,
35515861490-1,2026-09-20T14:14:31Z,https://github.com/djouallah/onelake-iceberg/actions/runs/35515861490,8f95d7b,10,tpch,linux-6.17.0-1022-azure,4,15.6,3.12.14,duckdb_iceberg,2.0.0.dev2609121639,ok,warm,query,12,0.53,2,ok,
35515861490-1,2026-09-20T14:14:31Z,https://github.com/djouallah/onelake-iceberg/actions/runs/35515861490,8f95d7b,10,tpch,linux-6.17.0-1022-azure,4,15.6,3.12.14,duckdb_iceberg,2.0.0.dev2609121639,ok,warm,query,13,1.5186,46,ok,
35515861490-1,2026-09-20T14:14:31Z,https://github.com/djouallah/onelake-iceberg/actions/runs/35515861490,8f95d7b,10,tpch,linux-6.17.0-1022-azure,4,15.6,3.12.14,duckdb_iceberg,2.0.0.dev2609121639,ok,warm,query,14,0.7738,1,ok,
35515861490-1,2026-09-20T14:14:31Z,https://github.com/djouallah/onelake-iceberg/actions/runs/35515861490,8f95d7b,10,tpch,linux-6.17.0-1022-azure,4,15.6,3.12.14,duckdb_iceberg,2.0.0.dev2609121639,ok,warm,query,15,0.5848,1,ok,
35515861490-1,2026-09-20T14:14:31Z,https://github.com/djouallah/onelake-iceberg/actions/runs/35515861490,8f95d7b,10,tpch,linux-6.17.0-1022-azure,4,15.6,3.12.14,duckdb_iceberg,2.0.0.dev2609121639,ok,warm,query,16,0.2419,27840,ok,
35515861490-1,2026-09-20T14:14:31Z,https://github.com/djouallah/onelake-iceberg/actions/runs/35515861490,8f95d7b,10,tpch,linux-6.17.0-1022-azure,4,15.6,3.12.14,duckdb_iceberg,2.0.0.dev2609121639,ok,warm,query,17,2.5518,1,ok,
35515861490-1,2026-09-20T14:14:31Z,https://github.com/djouallah/onelake-iceberg/actions/runs/35515861490,8f95d7b,10,tpch,linux-6.17.0-1022-azure,4,15.6,3.12.14,duckdb_iceberg,2.0.0.dev2609121639,ok,warm,query,18,1.044,100,ok,
35515861490-1,2026-09-20T14:14:31Z,https://github.com/djouallah/onelake-iceberg/actions/runs/35515861490,8f95d7b,10,tpch,linux-6.17.0-1022-azure,4,15.6,3.12.14,duckdb_iceberg,2.0.0.dev2609121639,ok,warm,query,19,0.8356,1,ok,
35515861490-1,2026-09-20T14:14:31Z,https://github.com/djouallah/onelake-iceberg/actions/runs/35515861490,8f95d7b,10,tpch,linux-6.17.0-1022-azure,4,15.6,3.12.14,duckdb_iceberg,2.0.0.dev2609121639,ok,warm,query,20,1.082,1804,ok,
35515861490-1,2026-09-20T14:14:31Z,https://github.com/djouallah/onelake-iceberg/actions/runs/35515861490,8f95d7b,10,tpch,linux-6.17.0-1022-azure,4,15.6,3.12.14,duckdb_iceberg,2.0.0.dev2609121639,ok,warm,query,21,3.9248,100,ok,
35515861490-1,2026-09-20T14:14:31Z,https://github.com/djouallah/onelake-iceberg/actions/runs/35515861490,8f95d7b,10,tpch,linux-6.17.0-1022-azure,4,15.6,3.12.14,duckdb_iceberg,2.0.0.dev2609121639,ok,warm,query,22,0.5152,7,ok,
35515861490-1,2026-09-20T14:14:31Z,https://github.com/djouallah/onelake-iceberg/actions/runs/35515861490,8f95d7b,10,tpch,linux-6.17.0-1022-azure,4,15.6,3.12.14,lakesail_iceberg,0.7.1,ok,cold,setup,0,1.9729,,ok,
35515861490-1,2026-09-20T14:14:31Z,https://github.com/djouallah/onelake-iceberg/actions/runs/35515861490,8f95d7b,10,tpch,linux-6.17.0-1022-azure,4,15.6,3.12.14,lakesail_iceberg,0.7.1,ok,cold,query,1,12.4197,4,ok,
35515861490-1,2026-09-20T14:14:31Z,https://github.com/djouallah/onelake-iceberg/actions/runs/35515861490,8f95d7b,10,tpch,linux-6.17.0-1022-azure,4,15.6,3.12.14,lakesail_iceberg,0.7.1,ok,cold,query,2,33.2256,10,ok,
35515861490-1,2026-09-20T14:14:31Z,https://github.com/djouallah/onelake-iceberg/actions/runs/35515861490,8f95d7b,10,tpch,linux-6.17.0-1022-azure,4,15.6,3.12.14,lakesail_iceberg,0.7.1,ok,cold,query,3,10.693,10,ok,
35515861490-1,2026-09-20T14:14:31Z,https://github.com/djouallah/onelake-iceberg/actions/runs/35515861490,8f95d7b,10,tpch,linux-6.17.0-1022-azure,4,15.6,3.12.14,lakesail_iceberg,0.7.1,ok,cold,query,4,6.0918,5,ok,
35515861490-1,2026-09-20T14:14:31Z,https://github.com/djouallah/onelake-iceberg/actions/runs/35515861490,8f95d7b,10,tpch,linux-6.17.0-1022-azure,4,15.6,3.12.14,lakesail_iceberg,0.7.1,ok,cold,query,5,11.1886,5,ok,
35515861490-1,2026-09-20T14:14:31Z,https://github.com/djouallah/onelake-iceberg/actions/runs/35515861490,8f95d7b,10,tpch,linux-6.17.0-1022-azure,4,15.6,3.12.14,lakesail_iceberg,0.7.1,ok,cold,query,6,5.4143,1,ok,
35515861490-1,2026-09-20T14:14:31Z,https://github.com/djouallah/onelake-iceberg/actions/runs/35515861490,8f95d7b,10,tpch,linux-6.17.0-1022-azure,4,15.6,3.12.14,lakesail_iceberg,0.7.1,ok,cold,query,7,11.3258,9,ok,
35515861490-1,2026-09-20T14:14:31Z,https://github.com/djouallah/onelake-iceberg/actions/runs/35515861490,8f95d7b,10,tpch,linux-6.17.0-1022-azure,4,15.6,3.12.14,lakesail_iceberg,0.7.1,ok,cold,query,8,13.7026,2,ok,
35515861490-1,2026-09-20T14:14:31Z,https://github.com/djouallah/onelake-iceberg/actions/runs/35515861490,8f95d7b,10,tpch,linux-6.17.0-1022-azure,4,15.6,3.12.14,lakesail_iceberg,0.7.1,ok,cold,query,9,12.8973,175,ok,
35515861490-1,2026-09-20T14:14:31Z,https://github.com/djouallah/onelake-iceberg/actions/runs/35515861490,8f95d7b,10,tpch,linux-6.17.0-1022-azure,4,15.6,3.12.14,lakesail_iceberg,0.7.1,ok,cold,query,10,10.0114,20,ok,
35515861490-1,2026-09-20T14:14:31Z,https://github.com/djouallah/onelake-iceberg/actions/runs/35515861490,8f95d7b,10,tpch,linux-6.17.0-1022-azure,4,15.6,3.12.14,lakesail_iceberg,0.7.1,ok,cold,query,11,5.725,8685,ok,
35515861490-1,2026-09-20T14:14:31Z,https://github.com/djouallah/onelake-iceberg/actions/runs/35515861490,8f95d7b,10,tpch,linux-6.17.0-1022-azure,4,15.6,3.12.14,lakesail_iceberg,0.7.1,ok,cold,query,12,6.7113,2,ok,
35515861490-1,2026-09-20T14:14:31Z,https://github.com/djouallah/onelake-iceberg/actions/runs/35515861490,8f95d7b,10,tpch,linux-6.17.0-1022-azure,4,15.6,3.12.14,lakesail_iceberg,0.7.1,ok,cold,query,13,4.3361,46,ok,
35515861490-1,2026-09-20T14:14:31Z,https://github.com/djouallah/onelake-iceberg/actions/runs/35515861490,8f95d7b,10,tpch,linux-6.17.0-1022-azure,4,15.6,3.12.14,lakesail_iceberg,0.7.1,ok,cold,query,14,6.7669,1,ok,
35515861490-1,2026-09-20T14:14:31Z,https://github.com/djouallah/onelake-iceberg/actions/runs/35515861490,8f95d7b,10,tpch,linux-6.17.0-1022-azure,4,15.6,3.12.14,lakesail_iceberg,0.7.1,ok,cold,query,15,11.4689,1,ok,
35515861490-1,2026-09-20T14:14:31Z,https://github.com/djouallah/onelake-iceberg/actions/runs/35515861490,8f95d7b,10,tpch,linux-6.17.0-1022-azure,4,15.6,3.12.14,lakesail_iceberg,0.7.1,ok,cold,query,16,3.8185,27840,ok,
35515861490-1,2026-09-20T14:14:31Z,https://github.com/djouallah/onelake-iceberg/actions/runs/35515861490,8f95d7b,10,tpch,linux-6.17.0-1022-azure,4,15.6,3.12.14,lakesail_iceberg,0.7.1,ok,cold,query,17,12.2435,1,ok,
35515861490-1,2026-09-20T14:14:31Z,https://github.com/djouallah/onelake-iceberg/actions/runs/35515861490,8f95d7b,10,tpch,linux-6.17.0-1022-azure,4,15.6,3.12.14,lakesail_iceberg,0.7.1,ok,cold,query,18,14.4646,100,ok,
35515861490-1,2026-09-20T14:14:31Z,https://github.com/djouallah/onelake-iceberg/actions/runs/35515861490,8f95d7b,10,tpch,linux-6.17.0-1022-azure,4,15.6,3.12.14,lakesail_iceberg,0.7.1,ok,cold,query,19,8.7374,1,ok,
35515861490-1,2026-09-20T14:14:31Z,https://github.com/djouallah/onelake-iceberg/actions/runs/35515861490,8f95d7b,10,tpch,linux-6.17.0-1022-azure,4,15.6,3.12.14,lakesail_iceberg,0.7.1,ok,cold,query,20,10.4327,1804,ok,
35515861490-1,2026-09-20T14:14:31Z,https://github.com/djouallah/onelake-iceberg/actions/runs/35515861490,8f95d7b,10,tpch,linux-6.17.0-1022-azure,4,15.6,3.12.14,lakesail_iceberg,0.7.1,ok,cold,query,21,20.5571,100,ok,
35515861490-1,2026-09-20T14:14:31Z,https://github.com/djouallah/onelake-iceberg/actions/runs/35515861490,8f95d7b,10,tpch,linux-6.17.0-1022-azure,4,15.6,3.12.14,lakesail_iceberg,0.7.1,ok,cold,query,22,4.1238,7,ok,
35515861490-1,2026-09-20T14:14:31Z,https://github.com/djouallah/onelake-iceberg/actions/runs/35515861490,8f95d7b,10,tpch,linux-6.17.0-1022-azure,4,15.6,3.12.14,lakesail_iceberg,0.7.1,ok,warm,query,1,7.4229,4,ok,
35515861490-1,2026-09-20T14:14:31Z,https://github.com/djouallah/onelake-iceberg/actions/runs/35515861490,8f95d7b,10,tpch,linux-6.17.0-1022-azure,4,15.6,3.12.14,lakesail_iceberg,0.7.1,ok,warm,query,2,8.7604,10,ok,
35515861490-1,2026-09-20T14:14:31Z,https://github.com/djouallah/onelake-iceberg/actions/runs/35515861490,8f95d7b,10,tpch,linux-6.17.0-1022-azure,4,15.6,3.12.14,lakesail_iceberg,0.7.1,ok,warm,query,3,10.5005,10,ok,
35515861490-1,2026-09-20T14:14:31Z,https://github.com/djouallah/onelake-iceberg/actions/runs/35515861490,8f95d7b,10,tpch,linux-6.17.0-1022-azure,4,15.6,3.12.14,lakesail_iceberg,0.7.1,ok,warm,query,4,6.1504,5,ok,
35515861490-1,2026-09-20T14:14:31Z,https://github.com/djouallah/onelake-iceberg/actions/runs/35515861490,8f95d7b,10,tpch,linux-6.17.0-1022-azure,4,15.6,3.12.14,lakesail_iceberg,0.7.1,ok,warm,query,5,11.6429,5,ok,
35515861490-1,2026-09-20T14:14:31Z,https://github.com/djouallah/onelake-iceberg/actions/runs/35515861490,8f95d7b,10,tpch,linux-6.17.0-1022-azure,4,15.6,3.12.14,lakesail_iceberg,0.7.1,ok,warm,query,6,5.4954,1,ok,
35515861490-1,2026-09-20T14:14:31Z,https://github.com/djouallah/onelake-iceberg/actions/runs/35515861490,8f95d7b,10,tpch,linux-6.17.0-1022-azure,4,15.6,3.12.14,lakesail_iceberg,0.7.1,ok,warm,query,7,11.0271,9,ok,
35515861490-1,2026-09-20T14:14:31Z,https://github.com/djouallah/onelake-iceberg/actions/runs/35515861490,8f95d7b,10,tpch,linux-6.17.0-1022-azure,4,15.6,3.12.14,lakesail_iceberg,0.7.1,ok,warm,query,8,14.4292,2,ok,
35515861490-1,2026-09-20T14:14:31Z,https://github.com/djouallah/onelake-iceberg/actions/runs/35515861490,8f95d7b,10,tpch,linux-6.17.0-1022-azure,4,15.6,3.12.14,lakesail_iceberg,0.7.1,ok,warm,query,9,35.4218,175,ok,
35515861490-1,2026-09-20T14:14:31Z,https://github.com/djouallah/onelake-iceberg/actions/runs/35515861490,8f95d7b,10,tpch,linux-6.17.0-1022-azure,4,15.6,3.12.14,lakesail_iceberg,0.7.1,ok,warm,query,10,9.6925,20,ok,
35515861490-1,2026-09-20T14:14:31Z,https://github.com/djouallah/onelake-iceberg/actions/runs/35515861490,8f95d7b,10,tpch,linux-6.17.0-1022-azure,4,15.6,3.12.14,lakesail_iceberg,0.7.1,ok,warm,query,11,5.9271,8685,ok,
35515861490-1,2026-09-20T14:14:31Z,https://github.com/djouallah/onelake-iceberg/actions/runs/35515861490,8f95d7b,10,tpch,linux-6.17.0-1022-azure,4,15.6,3.12.14,lakesail_iceberg,0.7.1,ok,warm,query,12,6.9135,2,ok,
35515861490-1,2026-09-20T14:14:31Z,https://github.com/djouallah/onelake-iceberg/actions/runs/35515861490,8f95d7b,10,tpch,linux-6.17.0-1022-azure,4,15.6,3.12.14,lakesail_iceberg,0.7.1,ok,warm,query,13,4.6686,46,ok,
35515861490-1,2026-09-20T14:14:31Z,https://github.com/djouallah/onelake-iceberg/actions/runs/35515861490,8f95d7b,10,tpch,linux-6.17.0-1022-azure,4,15.6,3.12.14,lakesail_iceberg,0.7.1,ok,warm,query,14,6.6274,1,ok,
35515861490-1,2026-09-20T14:14:31Z,https://github.com/djouallah/onelake-iceberg/actions/runs/35515861490,8f95d7b,10,tpch,linux-6.17.0-1022-azure,4,15.6,3.12.14,lakesail_iceberg,0.7.1,ok,warm,query,15,11.0553,1,ok,
35515861490-1,2026-09-20T14:14:31Z,https://github.com/djouallah/onelake-iceberg/actions/runs/35515861490,8f95d7b,10,tpch,linux-6.17.0-1022-azure,4,15.6,3.12.14,lakesail_iceberg,0.7.1,ok,warm,query,16,3.8955,27840,ok,
35515861490-1,2026-09-20T14:14:31Z,https://github.com/djouallah/onelake-iceberg/actions/runs/35515861490,8f95d7b,10,tpch,linux-6.17.0-1022-azure,4,15.6,3.12.14,lakesail_iceberg,0.7.1,ok,warm,query,17,13.4588,1,ok,
35515861490-1,2026-09-20T14:14:31Z,https://github.com/djouallah/onelake-iceberg/actions/runs/35515861490,8f95d7b,10,tpch,linux-6.17.0-1022-azure,4,15.6,3.12.14,lakesail_iceberg,0.7.1,ok,warm,query,18,14.7686,100,ok,
35515861490-1,2026-09-20T14:14:31Z,https://github.com/djouallah/onelake-iceberg/actions/runs/35515861490,8f95d7b,10,tpch,linux-6.17.0-1022-azure,4,15.6,3.12.14,lakesail_iceberg,0.7.1,ok,warm,query,19,9.8312,1,ok,
35515861490-1,2026-09-20T14:14:31Z,https://github.com/djouallah/onelake-iceberg/actions/runs/35515861490,8f95d7b,10,tpch,linux-6.17.0-1022-azure,4,15.6,3.12.14,lakesail_iceberg,0.7.1,ok,warm,query,20,9.9104,1804,ok,
35515861490-1,2026-09-20T14:14:31Z,https://github.com/djouallah/onelake-iceberg/actions/runs/35515861490,8f95d7b,10,tpch,linux-6.17.0-1022-azure,4,15.6,3.12.14,lakesail_iceberg,0.7.1,ok,warm,query,21,18.8785,100,ok,
35515861490-1,2026-09-20T14:14:31Z,https://github.com/djouallah/onelake-iceberg/actions/runs/35515861490,8f95d7b,10,tpch,linux-6.17.0-1022-azure,4,15.6,3.12.14,lakesail_iceberg,0.7.1,ok,warm,query,22,4.3308,7,ok,
35515861490-1,2026-09-20T14:14:31Z,https://github.com/djouallah/onelake-iceberg/actions/runs/35515861490,8f95d7b,10,tpch,linux-6.17.0-1022-azure,4,15.6,3.12.14,polars_iceberg,2.0.0-rc.2,ok,cold,setup,0,6.5184,,ok,
35515861490-1,2026-09-20T14:14:31Z,https://github.com/djouallah/onelake-iceberg/actions/runs/35515861490,8f95d7b,10,tpch,linux-6.17.0-1022-azure,4,15.6,3.12.14,polars_iceberg,2.0.0-rc.2,ok,cold,query,1,11.6959,4,ok,
35515861490-1,2026-09-20T14:14:31Z,https://github.com/djouallah/onelake-iceberg/actions/runs/35515861490,8f95d7b,10,tpch,linux-6.17.0-1022-azure,4,15.6,3.12.14,polars_iceberg,2.0.0-rc.2,ok,cold,query,2,5.3986,10,ok,
35515861490-1,2026-09-20T14:14:31Z,https://github.com/djouallah/onelake-iceberg/actions/runs/35515861490,8f95d7b,10,tpch,linux-6.17.0-1022-azure,4,15.6,3.12.14,polars_iceberg,2.0.0-rc.2,ok,cold,query,3,6.3162,10,ok,
35515861490-1,2026-09-20T14:14:31Z,https://github.com/djouallah/onelake-iceberg/actions/runs/35515861490,8f95d7b,10,tpch,linux-6.17.0-1022-azure,4,15.6,3.12.14,polars_iceberg,2.0.0-rc.2,ok,cold,query,4,3.5996,5,ok,
35515861490-1,2026-09-20T14:14:31Z,https://github.com/djouallah/onelake-iceberg/actions/runs/35515861490,8f95d7b,10,tpch,linux-6.17.0-1022-azure,4,15.6,3.12.14,polars_iceberg,2.0.0-rc.2,ok,cold,query,5,6.1946,5,ok,
35515861490-1,2026-09-20T14:14:31Z,https://github.com/djouallah/onelake-iceberg/actions/runs/35515861490,8f95d7b,10,tpch,linux-6.17.0-1022-azure,4,15.6,3.12.14,polars_iceberg,2.0.0-rc.2,ok,cold,query,6,3.7878,1,ok,
35515861490-1,2026-09-20T14:14:31Z,https://github.com/djouallah/onelake-iceberg/actions/runs/35515861490,8f95d7b,10,tpch,linux-6.17.0-1022-azure,4,15.6,3.12.14,polars_iceberg,2.0.0-rc.2,ok,cold,query,7,13.4889,9,ok,
35515861490-1,2026-09-20T14:14:31Z,https://github.com/djouallah/onelake-iceberg/actions/runs/35515861490,8f95d7b,10,tpch,linux-6.17.0-1022-azure,4,15.6,3.12.14,polars_iceberg,2.0.0-rc.2,ok,cold,query,8,6.5264,2,ok,
35515861490-1,2026-09-20T14:14:31Z,https://github.com/djouallah/onelake-iceberg/actions/runs/35515861490,8f95d7b,10,tpch,linux-6.17.0-1022-azure,4,15.6,3.12.14,polars_iceberg,2.0.0-rc.2,ok,cold,query,9,5.6903,175,ok,
35515861490-1,2026-09-20T14:14:31Z,https://github.com/djouallah/onelake-iceberg/actions/runs/35515861490,8f95d7b,10,tpch,linux-6.17.0-1022-azure,4,15.6,3.12.14,polars_iceberg,2.0.0-rc.2,ok,cold,query,10,2.5882,20,ok,
35515861490-1,2026-09-20T14:14:31Z,https://github.com/djouallah/onelake-iceberg/actions/runs/35515861490,8f95d7b,10,tpch,linux-6.17.0-1022-azure,4,15.6,3.12.14,polars_iceberg,2.0.0-rc.2,ok,cold,query,11,0.7092,8685,ok,
35515861490-1,2026-09-20T14:14:31Z,https://github.com/djouallah/onelake-iceberg/actions/runs/35515861490,8f95d7b,10,tpch,linux-6.17.0-1022-azure,4,15.6,3.12.14,polars_iceberg,2.0.0-rc.2,ok,cold,query,12,1.6978,2,ok,
35515861490-1,2026-09-20T14:14:31Z,https://github.com/djouallah/onelake-iceberg/actions/runs/35515861490,8f95d7b,10,tpch,linux-6.17.0-1022-azure,4,15.6,3.12.14,polars_iceberg,2.0.0-rc.2,ok,cold,query,13,2.715,46,ok,
35515861490-1,2026-09-20T14:14:31Z,https://github.com/djouallah/onelake-iceberg/actions/runs/35515861490,8f95d7b,10,tpch,linux-6.17.0-1022-azure,4,15.6,3.12.14,polars_iceberg,2.0.0-rc.2,ok,cold,query,14,2.5226,1,ok,
35515861490-1,2026-09-20T14:14:31Z,https://github.com/djouallah/onelake-iceberg/actions/runs/35515861490,8f95d7b,10,tpch,linux-6.17.0-1022-azure,4,15.6,3.12.14,polars_iceberg,2.0.0-rc.2,ok,cold,query,15,1.3285,1,ok,
35515861490-1,2026-09-20T14:14:31Z,https://github.com/djouallah/onelake-iceberg/actions/runs/35515861490,8f95d7b,10,tpch,linux-6.17.0-1022-azure,4,15.6,3.12.14,polars_iceberg,2.0.0-rc.2,ok,cold,query,16,1.3562,27840,ok,
35515861490-1,2026-09-20T14:14:31Z,https://github.com/djouallah/onelake-iceberg/actions/runs/35515861490,8f95d7b,10,tpch,linux-6.17.0-1022-azure,4,15.6,3.12.14,polars_iceberg,2.0.0-rc.2,ok,cold,query,17,5.1568,1,ok,
35515861490-1,2026-09-20T14:14:31Z,https://github.com/djouallah/onelake-iceberg/actions/runs/35515861490,8f95d7b,10,tpch,linux-6.17.0-1022-azure,4,15.6,3.12.14,polars_iceberg,2.0.0-rc.2,ok,cold,query,18,7.4894,100,ok,
35515861490-1,2026-09-20T14:14:31Z,https://github.com/djouallah/onelake-iceberg/actions/runs/35515861490,8f95d7b,10,tpch,linux-6.17.0-1022-azure,4,15.6,3.12.14,polars_iceberg,2.0.0-rc.2,ok,cold,query,19,2.5605,1,ok,
35515861490-1,2026-09-20T14:14:31Z,https://github.com/djouallah/onelake-iceberg/actions/runs/35515861490,8f95d7b,10,tpch,linux-6.17.0-1022-azure,4,15.6,3.12.14,polars_iceberg,2.0.0-rc.2,ok,cold,query,20,3.433,1804,ok,
35515861490-1,2026-09-20T14:14:31Z,https://github.com/djouallah/onelake-iceberg/actions/runs/35515861490,8f95d7b,10,tpch,linux-6.17.0-1022-azure,4,15.6,3.12.14,polars_iceberg,2.0.0-rc.2,ok,cold,query,21,7.3913,100,ok,
35515861490-1,2026-09-20T14:14:31Z,https://github.com/djouallah/onelake-iceberg/actions/runs/35515861490,8f95d7b,10,tpch,linux-6.17.0-1022-azure,4,15.6,3.12.14,polars_iceberg,2.0.0-rc.2,ok,cold,query,22,4.6551,7,ok,
35515861490-1,2026-09-20T14:14:31Z,https://github.com/djouallah/onelake-iceberg/actions/runs/35515861490,8f95d7b,10,tpch,linux-6.17.0-1022-azure,4,15.6,3.12.14,polars_iceberg,2.0.0-rc.2,ok,warm,query,1,8.9941,4,ok,
35515861490-1,2026-09-20T14:14:31Z,https://github.com/djouallah/onelake-iceberg/actions/runs/35515861490,8f95d7b,10,tpch,linux-6.17.0-1022-azure,4,15.6,3.12.14,polars_iceberg,2.0.0-rc.2,ok,warm,query,2,3.7838,10,ok,
35515861490-1,2026-09-20T14:14:31Z,https://github.com/djouallah/onelake-iceberg/actions/runs/35515861490,8f95d7b,10,tpch,linux-6.17.0-1022-azure,4,15.6,3.12.14,polars_iceberg,2.0.0-rc.2,ok,warm,query,3,4.2668,10,ok,
35515861490-1,2026-09-20T14:14:31Z,https://github.com/djouallah/onelake-iceberg/actions/runs/35515861490,8f95d7b,10,tpch,linux-6.17.0-1022-azure,4,15.6,3.12.14,polars_iceberg,2.0.0-rc.2,ok,warm,query,4,3.9842,5,ok,
35515861490-1,2026-09-20T14:14:31Z,https://github.com/djouallah/onelake-iceberg/actions/runs/35515861490,8f95d7b,10,tpch,linux-6.17.0-1022-azure,4,15.6,3.12.14,polars_iceberg,2.0.0-rc.2,ok,warm,query,5,6.0593,5,ok,
35515861490-1,2026-09-20T14:14:31Z,https://github.com/djouallah/onelake-iceberg/actions/runs/35515861490,8f95d7b,10,tpch,linux-6.17.0-1022-azure,4,15.6,3.12.14,polars_iceberg,2.0.0-rc.2,ok,warm,query,6,3.5861,1,ok,
35515861490-1,2026-09-20T14:14:31Z,https://github.com/djouallah/onelake-iceberg/actions/runs/35515861490,8f95d7b,10,tpch,linux-6.17.0-1022-azure,4,15.6,3.12.14,polars_iceberg,2.0.0-rc.2,ok,warm,query,7,12.7166,9,ok,
35515861490-1,2026-09-20T14:14:31Z,https://github.com/djouallah/onelake-iceberg/actions/runs/35515861490,8f95d7b,10,tpch,linux-6.17.0-1022-azure,4,15.6,3.12.14,polars_iceberg,2.0.0-rc.2,ok,warm,query,8,6.6074,2,ok,
35515861490-1,2026-09-20T14:14:31Z,https://github.com/djouallah/onelake-iceberg/actions/runs/35515861490,8f95d7b,10,tpch,linux-6.17.0-1022-azure,4,15.6,3.12.14,polars_iceberg,2.0.0-rc.2,ok,warm,query,9,7.4891,175,ok,
35515861490-1,2026-09-20T14:14:31Z,https://github.com/djouallah/onelake-iceberg/actions/runs/35515861490,8f95d7b,10,tpch,linux-6.17.0-1022-azure,4,15.6,3.12.14,polars_iceberg,2.0.0-rc.2,ok,warm,query,10,4.7404,20,ok,
35515861490-1,2026-09-20T14:14:31Z,https://github.com/djouallah/onelake-iceberg/actions/runs/35515861490,8f95d7b,10,tpch,linux-6.17.0-1022-azure,4,15.6,3.12.14,polars_iceberg,2.0.0-rc.2,ok,warm,query,11,2.653,8685,ok,
35515861490-1,2026-09-20T14:14:31Z,https://github.com/djouallah/onelake-iceberg/actions/runs/35515861490,8f95d7b,10,tpch,linux-6.17.0-1022-azure,4,15.6,3.12.14,polars_iceberg,2.0.0-rc.2,ok,warm,query,12,2.6063,2,ok,
35515861490-1,2026-09-20T14:14:31Z,https://github.com/djouallah/onelake-iceberg/actions/runs/35515861490,8f95d7b,10,tpch,linux-6.17.0-1022-azure,4,15.6,3.12.14,polars_iceberg,2.0.0-rc.2,ok,warm,query,13,4.2182,46,ok,
35515861490-1,2026-09-20T14:14:31Z,https://github.com/djouallah/onelake-iceberg/actions/runs/35515861490,8f95d7b,10,tpch,linux-6.17.0-1022-azure,4,15.6,3.12.14,polars_iceberg,2.0.0-rc.2,ok,warm,query,14,3.0169,1,ok,
35515861490-1,2026-09-20T14:14:31Z,https://github.com/djouallah/onelake-iceberg/actions/runs/35515861490,8f95d7b,10,tpch,linux-6.17.0-1022-azure,4,15.6,3.12.14,polars_iceberg,2.0.0-rc.2,ok,warm,query,15,2.4491,1,ok,
35515861490-1,2026-09-20T14:14:31Z,https://github.com/djouallah/onelake-iceberg/actions/runs/35515861490,8f95d7b,10,tpch,linux-6.17.0-1022-azure,4,15.6,3.12.14,polars_iceberg,2.0.0-rc.2,ok,warm,query,16,1.9689,27840,ok,
35515861490-1,2026-09-20T14:14:31Z,https://github.com/djouallah/onelake-iceberg/actions/runs/35515861490,8f95d7b,10,tpch,linux-6.17.0-1022-azure,4,15.6,3.12.14,polars_iceberg,2.0.0-rc.2,ok,warm,query,17,5.9918,1,ok,
35515861490-1,2026-09-20T14:14:31Z,https://github.com/djouallah/onelake-iceberg/actions/runs/35515861490,8f95d7b,10,tpch,linux-6.17.0-1022-azure,4,15.6,3.12.14,polars_iceberg,2.0.0-rc.2,ok,warm,query,18,8.6267,100,ok,
35515861490-1,2026-09-20T14:14:31Z,https://github.com/djouallah/onelake-iceberg/actions/runs/35515861490,8f95d7b,10,tpch,linux-6.17.0-1022-azure,4,15.6,3.12.14,polars_iceberg,2.0.0-rc.2,ok,warm,query,19,2.8227,1,ok,
35515861490-1,2026-09-20T14:14:31Z,https://github.com/djouallah/onelake-iceberg/actions/runs/35515861490,8f95d7b,10,tpch,linux-6.17.0-1022-azure,4,15.6,3.12.14,polars_iceberg,2.0.0-rc.2,ok,warm,query,20,3.973,1804,ok,
35515861490-1,2026-09-20T14:14:31Z,https://github.com/djouallah/onelake-iceberg/actions/runs/35515861490,8f95d7b,10,tpch,linux-6.17.0-1022-azure,4,15.6,3.12.14,polars_iceberg,2.0.0-rc.2,ok,warm,query,21,7.4157,100,ok,
35515861490-1,2026-09-20T14:14:31Z,https://github.com/djouallah/onelake-iceberg/actions/runs/35515861490,8f95d7b,10,tpch,linux-6.17.0-1022-azure,4,15.6,3.12.14,polars_iceberg,2.0.0-rc.2,ok,warm,query,22,1.2447,7,ok,
35515861490-1,2026-09-20T14:14:31Z,https://github.com/djouallah/onelake-iceberg/actions/runs/35515861490,8f95d7b,10,tpch,linux-6.17.0-1022-azure,4,15.6,3.12.14,pyspark_iceberg,4.1.3,ok,cold,setup,0,10.2058,,ok,
35515861490-1,2026-09-20T14:14:31Z,https://github.com/djouallah/onelake-iceberg/actions/runs/35515861490,8f95d7b,10,tpch,linux-6.17.0-1022-azure,4,15.6,3.12.14,pyspark_iceberg,4.1.3,ok,cold,query,1,33.1369,4,ok,
35515861490-1,2026-09-20T14:14:31Z,https://github.com/djouallah/onelake-iceberg/actions/runs/35515861490,8f95d7b,10,tpch,linux-6.17.0-1022-azure,4,15.6,3.12.14,pyspark_iceberg,4.1.3,ok,cold,query,2,8.7477,10,ok,
35515861490-1,2026-09-20T14:14:31Z,https://github.com/djouallah/onelake-iceberg/actions/runs/35515861490,8f95d7b,10,tpch,linux-6.17.0-1022-azure,4,15.6,3.12.14,pyspark_iceberg,4.1.3,ok,cold,query,3,13.9579,10,ok,
35515861490-1,2026-09-20T14:14:31Z,https://github.com/djouallah/onelake-iceberg/actions/runs/35515861490,8f95d7b,10,tpch,linux-6.17.0-1022-azure,4,15.6,3.12.14,pyspark_iceberg,4.1.3,ok,cold,query,4,10.0473,5,ok,
35515861490-1,2026-09-20T14:14:31Z,https://github.com/djouallah/onelake-iceberg/actions/runs/35515861490,8f95d7b,10,tpch,linux-6.17.0-1022-azure,4,15.6,3.12.14,pyspark_iceberg,4.1.3,ok,cold,query,5,22.1078,5,ok,
35515861490-1,2026-09-20T14:14:31Z,https://github.com/djouallah/onelake-iceberg/actions/runs/35515861490,8f95d7b,10,tpch,linux-6.17.0-1022-azure,4,15.6,3.12.14,pyspark_iceberg,4.1.3,ok,cold,query,6,6.5406,1,ok,
35515861490-1,2026-09-20T14:14:31Z,https://github.com/djouallah/onelake-iceberg/actions/runs/35515861490,8f95d7b,10,tpch,linux-6.17.0-1022-azure,4,15.6,3.12.14,pyspark_iceberg,4.1.3,ok,cold,query,7,33.5106,9,ok,
35515861490-1,2026-09-20T14:14:31Z,https://github.com/djouallah/onelake-iceberg/actions/runs/35515861490,8f95d7b,10,tpch,linux-6.17.0-1022-azure,4,15.6,3.12.14,pyspark_iceberg,4.1.3,ok,cold,query,8,22.0177,2,ok,
35515861490-1,2026-09-20T14:14:31Z,https://github.com/djouallah/onelake-iceberg/actions/runs/35515861490,8f95d7b,10,tpch,linux-6.17.0-1022-azure,4,15.6,3.12.14,pyspark_iceberg,4.1.3,ok,cold,query,9,26.1869,175,ok,
35515861490-1,2026-09-20T14:14:31Z,https://github.com/djouallah/onelake-iceberg/actions/runs/35515861490,8f95d7b,10,tpch,linux-6.17.0-1022-azure,4,15.6,3.12.14,pyspark_iceberg,4.1.3,ok,cold,query,10,11.334,20,ok,
35515861490-1,2026-09-20T14:14:31Z,https://github.com/djouallah/onelake-iceberg/actions/runs/35515861490,8f95d7b,10,tpch,linux-6.17.0-1022-azure,4,15.6,3.12.14,pyspark_iceberg,4.1.3,ok,cold,query,11,2.4076,8685,ok,
35515861490-1,2026-09-20T14:14:31Z,https://github.com/djouallah/onelake-iceberg/actions/runs/35515861490,8f95d7b,10,tpch,linux-6.17.0-1022-azure,4,15.6,3.12.14,pyspark_iceberg,4.1.3,ok,cold,query,12,8.9984,2,ok,
35515861490-1,2026-09-20T14:14:31Z,https://github.com/djouallah/onelake-iceberg/actions/runs/35515861490,8f95d7b,10,tpch,linux-6.17.0-1022-azure,4,15.6,3.12.14,pyspark_iceberg,4.1.3,ok,cold,query,13,9.5081,46,ok,
35515861490-1,2026-09-20T14:14:31Z,https://github.com/djouallah/onelake-iceberg/actions/runs/35515861490,8f95d7b,10,tpch,linux-6.17.0-1022-azure,4,15.6,3.12.14,pyspark_iceberg,4.1.3,ok,cold,query,14,6.6154,1,ok,
35515861490-1,2026-09-20T14:14:31Z,https://github.com/djouallah/onelake-iceberg/actions/runs/35515861490,8f95d7b,10,tpch,linux-6.17.0-1022-azure,4,15.6,3.12.14,pyspark_iceberg,4.1.3,ok,cold,query,15,13.193,1,ok,
35515861490-1,2026-09-20T14:14:31Z,https://github.com/djouallah/onelake-iceberg/actions/runs/35515861490,8f95d7b,10,tpch,linux-6.17.0-1022-azure,4,15.6,3.12.14,pyspark_iceberg,4.1.3,ok,cold,query,16,3.9478,27840,ok,
35515861490-1,2026-09-20T14:14:31Z,https://github.com/djouallah/onelake-iceberg/actions/runs/35515861490,8f95d7b,10,tpch,linux-6.17.0-1022-azure,4,15.6,3.12.14,pyspark_iceberg,4.1.3,ok,cold,query,17,30.451,1,ok,
35515861490-1,2026-09-20T14:14:31Z,https://github.com/djouallah/onelake-iceberg/actions/runs/35515861490,8f95d7b,10,tpch,linux-6.17.0-1022-azure,4,15.6,3.12.14,pyspark_iceberg,4.1.3,ok,cold,query,18,26.7275,100,ok,
35515861490-1,2026-09-20T14:14:31Z,https://github.com/djouallah/onelake-iceberg/actions/runs/35515861490,8f95d7b,10,tpch,linux-6.17.0-1022-azure,4,15.6,3.12.14,pyspark_iceberg,4.1.3,ok,cold,query,19,7.8577,1,ok,
35515861490-1,2026-09-20T14:14:31Z,https://github.com/djouallah/onelake-iceberg/actions/runs/35515861490,8f95d7b,10,tpch,linux-6.17.0-1022-azure,4,15.6,3.12.14,pyspark_iceberg,4.1.3,ok,cold,query,20,8.2616,1804,ok,
35515861490-1,2026-09-20T14:14:31Z,https://github.com/djouallah/onelake-iceberg/actions/runs/35515861490,8f95d7b,10,tpch,linux-6.17.0-1022-azure,4,15.6,3.12.14,pyspark_iceberg,4.1.3,ok,cold,query,21,33.1324,100,ok,
35515861490-1,2026-09-20T14:14:31Z,https://github.com/djouallah/onelake-iceberg/actions/runs/35515861490,8f95d7b,10,tpch,linux-6.17.0-1022-azure,4,15.6,3.12.14,pyspark_iceberg,4.1.3,ok,cold,query,22,4.5228,7,ok,
35515861490-1,2026-09-20T14:14:31Z,https://github.com/djouallah/onelake-iceberg/actions/runs/35515861490,8f95d7b,10,tpch,linux-6.17.0-1022-azure,4,15.6,3.12.14,pyspark_iceberg,4.1.3,ok,warm,query,1,25.6005,4,ok,
35515861490-1,2026-09-20T14:14:31Z,https://github.com/djouallah/onelake-iceberg/actions/runs/35515861490,8f95d7b,10,tpch,linux-6.17.0-1022-azure,4,15.6,3.12.14,pyspark_iceberg,4.1.3,ok,warm,query,2,6.0443,10,ok,
35515861490-1,2026-09-20T14:14:31Z,https://github.com/djouallah/onelake-iceberg/actions/runs/35515861490,8f95d7b,10,tpch,linux-6.17.0-1022-azure,4,15.6,3.12.14,pyspark_iceberg,4.1.3,ok,warm,query,3,12.5224,10,ok,
35515861490-1,2026-09-20T14:14:31Z,https://github.com/djouallah/onelake-iceberg/actions/runs/35515861490,8f95d7b,10,tpch,linux-6.17.0-1022-azure,4,15.6,3.12.14,pyspark_iceberg,4.1.3,ok,warm,query,4,8.5566,5,ok,
35515861490-1,2026-09-20T14:14:31Z,https://github.com/djouallah/onelake-iceberg/actions/runs/35515861490,8f95d7b,10,tpch,linux-6.17.0-1022-azure,4,15.6,3.12.14,pyspark_iceberg,4.1.3,ok,warm,query,5,21.426,5,ok,
35515861490-1,2026-09-20T14:14:31Z,https://github.com/djouallah/onelake-iceberg/actions/runs/35515861490,8f95d7b,10,tpch,linux-6.17.0-1022-azure,4,15.6,3.12.14,pyspark_iceberg,4.1.3,ok,warm,query,6,6.4838,1,ok,
35515861490-1,2026-09-20T14:14:31Z,https://github.com/djouallah/onelake-iceberg/actions/runs/35515861490,8f95d7b,10,tpch,linux-6.17.0-1022-azure,4,15.6,3.12.14,pyspark_iceberg,4.1.3,ok,warm,query,7,31.7314,9,ok,
35515861490-1,2026-09-20T14:14:31Z,https://github.com/djouallah/onelake-iceberg/actions/runs/35515861490,8f95d7b,10,tpch,linux-6.17.0-1022-azure,4,15.6,3.12.14,pyspark_iceberg,4.1.3,ok,warm,query,8,20.9367,2,ok,
35515861490-1,2026-09-20T14:14:31Z,https://github.com/djouallah/onelake-iceberg/actions/runs/35515861490,8f95d7b,10,tpch,linux-6.17.0-1022-azure,4,15.6,3.12.14,pyspark_iceberg,4.1.3,ok,warm,query,9,23.8542,175,ok,
35515861490-1,2026-09-20T14:14:31Z,https://github.com/djouallah/onelake-iceberg/actions/runs/35515861490,8f95d7b,10,tpch,linux-6.17.0-1022-azure,4,15.6,3.12.14,pyspark_iceberg,4.1.3,ok,warm,query,10,10.7713,20,ok,
35515861490-1,2026-09-20T14:14:31Z,https://github.com/djouallah/onelake-iceberg/actions/runs/35515861490,8f95d7b,10,tpch,linux-6.17.0-1022-azure,4,15.6,3.12.14,pyspark_iceberg,4.1.3,ok,warm,query,11,2.1872,8685,ok,
35515861490-1,2026-09-20T14:14:31Z,https://github.com/djouallah/onelake-iceberg/actions/runs/35515861490,8f95d7b,10,tpch,linux-6.17.0-1022-azure,4,15.6,3.12.14,pyspark_iceberg,4.1.3,ok,warm,query,12,8.6385,2,ok,
35515861490-1,2026-09-20T14:14:31Z,https://github.com/djouallah/onelake-iceberg/actions/runs/35515861490,8f95d7b,10,tpch,linux-6.17.0-1022-azure,4,15.6,3.12.14,pyspark_iceberg,4.1.3,ok,warm,query,13,9.0358,46,ok,
35515861490-1,2026-09-20T14:14:31Z,https://github.com/djouallah/onelake-iceberg/actions/runs/35515861490,8f95d7b,10,tpch,linux-6.17.0-1022-azure,4,15.6,3.12.14,pyspark_iceberg,4.1.3,ok,warm,query,14,6.3431,1,ok,
35515861490-1,2026-09-20T14:14:31Z,https://github.com/djouallah/onelake-iceberg/actions/runs/35515861490,8f95d7b,10,tpch,linux-6.17.0-1022-azure,4,15.6,3.12.14,pyspark_iceberg,4.1.3,ok,warm,query,15,12.6179,1,ok,
35515861490-1,2026-09-20T14:14:31Z,https://github.com/djouallah/onelake-iceberg/actions/runs/35515861490,8f95d7b,10,tpch,linux-6.17.0-1022-azure,4,15.6,3.12.14,pyspark_iceberg,4.1.3,ok,warm,query,16,3.3403,27840,ok,
35515861490-1,2026-09-20T14:14:31Z,https://github.com/djouallah/onelake-iceberg/actions/runs/35515861490,8f95d7b,10,tpch,linux-6.17.0-1022-azure,4,15.6,3.12.14,pyspark_iceberg,4.1.3,ok,warm,query,17,29.2485,1,ok,
35515861490-1,2026-09-20T14:14:31Z,https://github.com/djouallah/onelake-iceberg/actions/runs/35515861490,8f95d7b,10,tpch,linux-6.17.0-1022-azure,4,15.6,3.12.14,pyspark_iceberg,4.1.3,ok,warm,query,18,25.856,100,ok,
35515861490-1,2026-09-20T14:14:31Z,https://github.com/djouallah/onelake-iceberg/actions/runs/35515861490,8f95d7b,10,tpch,linux-6.17.0-1022-azure,4,15.6,3.12.14,pyspark_iceberg,4.1.3,ok,warm,query,19,7.8403,1,ok,
35515861490-1,2026-09-20T14:14:31Z,https://github.com/djouallah/onelake-iceberg/actions/runs/35515861490,8f95d7b,10,tpch,linux-6.17.0-1022-azure,4,15.6,3.12.14,pyspark_iceberg,4.1.3,ok,warm,query,20,7.7613,1804,ok,
35515861490-1,2026-09-20T14:14:31Z,https://github.com/djouallah/onelake-iceberg/actions/runs/35515861490,8f95d7b,10,tpch,linux-6.17.0-1022-azure,4,15.6,3.12.14,pyspark_iceberg,4.1.3,ok,warm,query,21,31.95,100,ok,
35515861490-1,2026-09-20T14:14:31Z,https://github.com/djouallah/onelake-iceberg/actions/runs/35515861490,8f95d7b,10,tpch,linux-6.17.0-1022-azure,4,15.6,3.12.14,pyspark_iceberg,4.1.3,ok,warm,query,22,4.1813,7,ok,
35517764345-1,2026-09-20T14:51:49Z,https://github.com/djouallah/onelake-iceberg/actions/runs/35517764345,c9e8c79,10,tpch,linux-6.17.0-1022-azure,4,15.6,3.12.14,chdb_iceberg,4.4.0,ok,cold,setup,0,2.1288,,ok,
35517764345-1,2026-09-20T14:51:49Z,https://github.com/djouallah/onelake-iceberg/actions/runs/35517764345,c9e8c79,10,tpch,linux-6.17.0-1022-azure,4,15.6,3.12.14,chdb_iceberg,4.4.0,ok,cold,query,1,8.9568,4,ok,
35517764345-1,2026-09-20T14:51:49Z,https://github.com/djouallah/onelake-iceberg/actions/runs/35517764345,c9e8c79,10,tpch,linux-6.17.0-1022-azure,4,15.6,3.12.14,chdb_iceberg,4.4.0,ok,cold,query,2,7.3632,10,ok,
35517764345-1,2026-09-20T14:51:49Z,https://github.com/djouallah/onelake-iceberg/actions/runs/35517764345,c9e8c79,10,tpch,linux-6.17.0-1022-azure,4,15.6,3.12.14,chdb_iceberg,4.4.0,ok,cold,query,3,7.1074,10,ok,
35517764345-1,2026-09-20T14:51:49Z,https://github.com/djouallah/onelake-iceberg/actions/runs/35517764345,c9e8c79,10,tpch,linux-6.17.0-1022-azure,4,15.6,3.12.14,chdb_iceberg,4.4.0,ok,cold,query,4,3.4262,5,ok,
35517764345-1,2026-09-20T14:51:49Z,https://github.com/djouallah/onelake-iceberg/actions/runs/35517764345,c9e8c79,10,tpch,linux-6.17.0-1022-azure,4,15.6,3.12.14,chdb_iceberg,4.4.0,ok,cold,query,5,5.3654,5,ok,
35517764345-1,2026-09-20T14:51:49Z,https://github.com/djouallah/onelake-iceberg/actions/runs/35517764345,c9e8c79,10,tpch,linux-6.17.0-1022-azure,4,15.6,3.12.14,chdb_iceberg,4.4.0,ok,cold,query,6,1.5309,1,ok,
35517764345-1,2026-09-20T14:51:49Z,https://github.com/djouallah/onelake-iceberg/actions/runs/35517764345,c9e8c79,10,tpch,linux-6.17.0-1022-azure,4,15.6,3.12.14,chdb_iceberg,4.4.0,ok,cold,query,7,27.1693,9,ok,
35517764345-1,2026-09-20T14:51:49Z,https://github.com/djouallah/onelake-iceberg/actions/runs/35517764345,c9e8c79,10,tpch,linux-6.17.0-1022-azure,4,15.6,3.12.14,chdb_iceberg,4.4.0,ok,cold,query,8,8.6483,2,ok,
35517764345-1,2026-09-20T14:51:49Z,https://github.com/djouallah/onelake-iceberg/actions/runs/35517764345,c9e8c79,10,tpch,linux-6.17.0-1022-azure,4,15.6,3.12.14,chdb_iceberg,4.4.0,ok,cold,query,9,6.6898,175,ok,
35517764345-1,2026-09-20T14:51:49Z,https://github.com/djouallah/onelake-iceberg/actions/runs/35517764345,c9e8c79,10,tpch,linux-6.17.0-1022-azure,4,15.6,3.12.14,chdb_iceberg,4.4.0,ok,cold,query,10,4.458,20,ok,
35517764345-1,2026-09-20T14:51:49Z,https://github.com/djouallah/onelake-iceberg/actions/runs/35517764345,c9e8c79,10,tpch,linux-6.17.0-1022-azure,4,15.6,3.12.14,chdb_iceberg,4.4.0,ok,cold,query,11,2.5215,8685,ok,
35517764345-1,2026-09-20T14:51:49Z,https://github.com/djouallah/onelake-iceberg/actions/runs/35517764345,c9e8c79,10,tpch,linux-6.17.0-1022-azure,4,15.6,3.12.14,chdb_iceberg,4.4.0,ok,cold,query,12,2.4192,2,ok,
35517764345-1,2026-09-20T14:51:49Z,https://github.com/djouallah/onelake-iceberg/actions/runs/35517764345,c9e8c79,10,tpch,linux-6.17.0-1022-azure,4,15.6,3.12.14,chdb_iceberg,4.4.0,ok,cold,query,13,3.9625,46,ok,
35517764345-1,2026-09-20T14:51:49Z,https://github.com/djouallah/onelake-iceberg/actions/runs/35517764345,c9e8c79,10,tpch,linux-6.17.0-1022-azure,4,15.6,3.12.14,chdb_iceberg,4.4.0,ok,cold,query,14,1.6927,1,ok,
35517764345-1,2026-09-20T14:51:49Z,https://github.com/djouallah/onelake-iceberg/actions/runs/35517764345,c9e8c79,10,tpch,linux-6.17.0-1022-azure,4,15.6,3.12.14,chdb_iceberg,4.4.0,ok,cold,query,15,2.3139,1,ok,
35517764345-1,2026-09-20T14:51:49Z,https://github.com/djouallah/onelake-iceberg/actions/runs/35517764345,c9e8c79,10,tpch,linux-6.17.0-1022-azure,4,15.6,3.12.14,chdb_iceberg,4.4.0,ok,cold,query,16,1.4281,27840,ok,
35517764345-1,2026-09-20T14:51:49Z,https://github.com/djouallah/onelake-iceberg/actions/runs/35517764345,c9e8c79,10,tpch,linux-6.17.0-1022-azure,4,15.6,3.12.14,chdb_iceberg,4.4.0,ok,cold,query,17,4.0784,1,ok,
35517764345-1,2026-09-20T14:51:49Z,https://github.com/djouallah/onelake-iceberg/actions/runs/35517764345,c9e8c79,10,tpch,linux-6.17.0-1022-azure,4,15.6,3.12.14,chdb_iceberg,4.4.0,ok,cold,query,18,3.2067,100,ok,
35517764345-1,2026-09-20T14:51:49Z,https://github.com/djouallah/onelake-iceberg/actions/runs/35517764345,c9e8c79,10,tpch,linux-6.17.0-1022-azure,4,15.6,3.12.14,chdb_iceberg,4.4.0,ok,cold,query,19,2.4473,1,ok,
35517764345-1,2026-09-20T14:51:49Z,https://github.com/djouallah/onelake-iceberg/actions/runs/35517764345,c9e8c79,10,tpch,linux-6.17.0-1022-azure,4,15.6,3.12.14,chdb_iceberg,4.4.0,ok,cold,query,20,2.7176,1804,ok,
35517764345-1,2026-09-20T14:51:49Z,https://github.com/djouallah/onelake-iceberg/actions/runs/35517764345,c9e8c79,10,tpch,linux-6.17.0-1022-azure,4,15.6,3.12.14,chdb_iceberg,4.4.0,ok,cold,query,21,8.8811,100,ok,
35517764345-1,2026-09-20T14:51:49Z,https://github.com/djouallah/onelake-iceberg/actions/runs/35517764345,c9e8c79,10,tpch,linux-6.17.0-1022-azure,4,15.6,3.12.14,chdb_iceberg,4.4.0,ok,cold,query,22,2.1321,7,ok,
35517764345-1,2026-09-20T14:51:49Z,https://github.com/djouallah/onelake-iceberg/actions/runs/35517764345,c9e8c79,10,tpch,linux-6.17.0-1022-azure,4,15.6,3.12.14,chdb_iceberg,4.4.0,ok,warm,query,1,3.0242,4,ok,
35517764345-1,2026-09-20T14:51:49Z,https://github.com/djouallah/onelake-iceberg/actions/runs/35517764345,c9e8c79,10,tpch,linux-6.17.0-1022-azure,4,15.6,3.12.14,chdb_iceberg,4.4.0,ok,warm,query,2,4.8844,10,ok,
35517764345-1,2026-09-20T14:51:49Z,https://github.com/djouallah/onelake-iceberg/actions/runs/35517764345,c9e8c79,10,tpch,linux-6.17.0-1022-azure,4,15.6,3.12.14,chdb_iceberg,4.4.0,ok,warm,query,3,3.8519,10,ok,
35517764345-1,2026-09-20T14:51:49Z,https://github.com/djouallah/onelake-iceberg/actions/runs/35517764345,c9e8c79,10,tpch,linux-6.17.0-1022-azure,4,15.6,3.12.14,chdb_iceberg,4.4.0,ok,warm,query,4,2.5076,5,ok,
35517764345-1,2026-09-20T14:51:49Z,https://github.com/djouallah/onelake-iceberg/actions/runs/35517764345,c9e8c79,10,tpch,linux-6.17.0-1022-azure,4,15.6,3.12.14,chdb_iceberg,4.4.0,ok,warm,query,5,5.3147,5,ok,
35517764345-1,2026-09-20T14:51:49Z,https://github.com/djouallah/onelake-iceberg/actions/runs/35517764345,c9e8c79,10,tpch,linux-6.17.0-1022-azure,4,15.6,3.12.14,chdb_iceberg,4.4.0,ok,warm,query,6,1.1852,1,ok,
35517764345-1,2026-09-20T14:51:49Z,https://github.com/djouallah/onelake-iceberg/actions/runs/35517764345,c9e8c79,10,tpch,linux-6.17.0-1022-azure,4,15.6,3.12.14,chdb_iceberg,4.4.0,ok,warm,query,7,26.7658,9,ok,
35517764345-1,2026-09-20T14:51:49Z,https://github.com/djouallah/onelake-iceberg/actions/runs/35517764345,c9e8c79,10,tpch,linux-6.17.0-1022-azure,4,15.6,3.12.14,chdb_iceberg,4.4.0,ok,warm,query,8,8.9916,2,ok,
35517764345-1,2026-09-20T14:51:49Z,https://github.com/djouallah/onelake-iceberg/actions/runs/35517764345,c9e8c79,10,tpch,linux-6.17.0-1022-azure,4,15.6,3.12.14,chdb_iceberg,4.4.0,ok,warm,query,9,6.9056,175,ok,
35517764345-1,2026-09-20T14:51:49Z,https://github.com/djouallah/onelake-iceberg/actions/runs/35517764345,c9e8c79,10,tpch,linux-6.17.0-1022-azure,4,15.6,3.12.14,chdb_iceberg,4.4.0,ok,warm,query,10,4.0335,20,ok,
35517764345-1,2026-09-20T14:51:49Z,https://github.com/djouallah/onelake-iceberg/actions/runs/35517764345,c9e8c79,10,tpch,linux-6.17.0-1022-azure,4,15.6,3.12.14,chdb_iceberg,4.4.0,ok,warm,query,11,2.2405,8685,ok,
35517764345-1,2026-09-20T14:51:49Z,https://github.com/djouallah/onelake-iceberg/actions/runs/35517764345,c9e8c79,10,tpch,linux-6.17.0-1022-azure,4,15.6,3.12.14,chdb_iceberg,4.4.0,ok,warm,query,12,2.4939,2,ok,
35517764345-1,2026-09-20T14:51:49Z,https://github.com/djouallah/onelake-iceberg/actions/runs/35517764345,c9e8c79,10,tpch,linux-6.17.0-1022-azure,4,15.6,3.12.14,chdb_iceberg,4.4.0,ok,warm,query,13,3.7277,46,ok,
35517764345-1,2026-09-20T14:51:49Z,https://github.com/djouallah/onelake-iceberg/actions/runs/35517764345,c9e8c79,10,tpch,linux-6.17.0-1022-azure,4,15.6,3.12.14,chdb_iceberg,4.4.0,ok,warm,query,14,1.6969,1,ok,
35517764345-1,2026-09-20T14:51:49Z,https://github.com/djouallah/onelake-iceberg/actions/runs/35517764345,c9e8c79,10,tpch,linux-6.17.0-1022-azure,4,15.6,3.12.14,chdb_iceberg,4.4.0,ok,warm,query,15,2.3812,1,ok,
35517764345-1,2026-09-20T14:51:49Z,https://github.com/djouallah/onelake-iceberg/actions/runs/35517764345,c9e8c79,10,tpch,linux-6.17.0-1022-azure,4,15.6,3.12.14,chdb_iceberg,4.4.0,ok,warm,query,16,1.4255,27840,ok,
35517764345-1,2026-09-20T14:51:49Z,https://github.com/djouallah/onelake-iceberg/actions/runs/35517764345,c9e8c79,10,tpch,linux-6.17.0-1022-azure,4,15.6,3.12.14,chdb_iceberg,4.4.0,ok,warm,query,17,4.1768,1,ok,
35517764345-1,2026-09-20T14:51:49Z,https://github.com/djouallah/onelake-iceberg/actions/runs/35517764345,c9e8c79,10,tpch,linux-6.17.0-1022-azure,4,15.6,3.12.14,chdb_iceberg,4.4.0,ok,warm,query,18,3.1309,100,ok,
35517764345-1,2026-09-20T14:51:49Z,https://github.com/djouallah/onelake-iceberg/actions/runs/35517764345,c9e8c79,10,tpch,linux-6.17.0-1022-azure,4,15.6,3.12.14,chdb_iceberg,4.4.0,ok,warm,query,19,2.3861,1,ok,
35517764345-1,2026-09-20T14:51:49Z,https://github.com/djouallah/onelake-iceberg/actions/runs/35517764345,c9e8c79,10,tpch,linux-6.17.0-1022-azure,4,15.6,3.12.14,chdb_iceberg,4.4.0,ok,warm,query,20,2.6543,1804,ok,
35517764345-1,2026-09-20T14:51:49Z,https://github.com/djouallah/onelake-iceberg/actions/runs/35517764345,c9e8c79,10,tpch,linux-6.17.0-1022-azure,4,15.6,3.12.14,chdb_iceberg,4.4.0,ok,warm,query,21,9.0264,100,ok,
35517764345-1,2026-09-20T14:51:49Z,https://github.com/djouallah/onelake-iceberg/actions/runs/35517764345,c9e8c79,10,tpch,linux-6.17.0-1022-azure,4,15.6,3.12.14,chdb_iceberg,4.4.0,ok,warm,query,22,2.1756,7,ok,
35517764345-1,2026-09-20T14:51:49Z,https://github.com/djouallah/onelake-iceberg/actions/runs/35517764345,c9e8c79,10,tpch,linux-6.17.0-1022-azure,4,15.6,3.12.14,duckdb_iceberg,2.0.0.dev2609121639,ok,cold,setup,0,7.7491,,ok,
35517764345-1,2026-09-20T14:51:49Z,https://github.com/djouallah/onelake-iceberg/actions/runs/35517764345,c9e8c79,10,tpch,linux-6.17.0-1022-azure,4,15.6,3.12.14,duckdb_iceberg,2.0.0.dev2609121639,ok,cold,query,1,6.8438,4,ok,
35517764345-1,2026-09-20T14:51:49Z,https://github.com/djouallah/onelake-iceberg/actions/runs/35517764345,c9e8c79,10,tpch,linux-6.17.0-1022-azure,4,15.6,3.12.14,duckdb_iceberg,2.0.0.dev2609121639,ok,cold,query,2,2.9863,10,ok,
35517764345-1,2026-09-20T14:51:49Z,https://github.com/djouallah/onelake-iceberg/actions/runs/35517764345,c9e8c79,10,tpch,linux-6.17.0-1022-azure,4,15.6,3.12.14,duckdb_iceberg,2.0.0.dev2609121639,ok,cold,query,3,3.5803,10,ok,
35517764345-1,2026-09-20T14:51:49Z,https://github.com/djouallah/onelake-iceberg/actions/runs/35517764345,c9e8c79,10,tpch,linux-6.17.0-1022-azure,4,15.6,3.12.14,duckdb_iceberg,2.0.0.dev2609121639,ok,cold,query,4,1.4226,5,ok,
35517764345-1,2026-09-20T14:51:49Z,https://github.com/djouallah/onelake-iceberg/actions/runs/35517764345,c9e8c79,10,tpch,linux-6.17.0-1022-azure,4,15.6,3.12.14,duckdb_iceberg,2.0.0.dev2609121639,ok,cold,query,5,1.8351,5,ok,
35517764345-1,2026-09-20T14:51:49Z,https://github.com/djouallah/onelake-iceberg/actions/runs/35517764345,c9e8c79,10,tpch,linux-6.17.0-1022-azure,4,15.6,3.12.14,duckdb_iceberg,2.0.0.dev2609121639,ok,cold,query,6,0.3472,1,ok,
35517764345-1,2026-09-20T14:51:49Z,https://github.com/djouallah/onelake-iceberg/actions/runs/35517764345,c9e8c79,10,tpch,linux-6.17.0-1022-azure,4,15.6,3.12.14,duckdb_iceberg,2.0.0.dev2609121639,ok,cold,query,7,0.6666,9,ok,
35517764345-1,2026-09-20T14:51:49Z,https://github.com/djouallah/onelake-iceberg/actions/runs/35517764345,c9e8c79,10,tpch,linux-6.17.0-1022-azure,4,15.6,3.12.14,duckdb_iceberg,2.0.0.dev2609121639,ok,cold,query,8,1.0982,2,ok,
35517764345-1,2026-09-20T14:51:49Z,https://github.com/djouallah/onelake-iceberg/actions/runs/35517764345,c9e8c79,10,tpch,linux-6.17.0-1022-azure,4,15.6,3.12.14,duckdb_iceberg,2.0.0.dev2609121639,ok,cold,query,9,1.5773,175,ok,
35517764345-1,2026-09-20T14:51:49Z,https://github.com/djouallah/onelake-iceberg/actions/runs/35517764345,c9e8c79,10,tpch,linux-6.17.0-1022-azure,4,15.6,3.12.14,duckdb_iceberg,2.0.0.dev2609121639,ok,cold,query,10,1.1214,20,ok,
35517764345-1,2026-09-20T14:51:49Z,https://github.com/djouallah/onelake-iceberg/actions/runs/35517764345,c9e8c79,10,tpch,linux-6.17.0-1022-azure,4,15.6,3.12.14,duckdb_iceberg,2.0.0.dev2609121639,ok,cold,query,11,0.1102,8685,ok,
35517764345-1,2026-09-20T14:51:49Z,https://github.com/djouallah/onelake-iceberg/actions/runs/35517764345,c9e8c79,10,tpch,linux-6.17.0-1022-azure,4,15.6,3.12.14,duckdb_iceberg,2.0.0.dev2609121639,ok,cold,query,12,0.5594,2,ok,
35517764345-1,2026-09-20T14:51:49Z,https://github.com/djouallah/onelake-iceberg/actions/runs/35517764345,c9e8c79,10,tpch,linux-6.17.0-1022-azure,4,15.6,3.12.14,duckdb_iceberg,2.0.0.dev2609121639,ok,cold,query,13,1.4312,46,ok,
35517764345-1,2026-09-20T14:51:49Z,https://github.com/djouallah/onelake-iceberg/actions/runs/35517764345,c9e8c79,10,tpch,linux-6.17.0-1022-azure,4,15.6,3.12.14,duckdb_iceberg,2.0.0.dev2609121639,ok,cold,query,14,0.5706,1,ok,
35517764345-1,2026-09-20T14:51:49Z,https://github.com/djouallah/onelake-iceberg/actions/runs/35517764345,c9e8c79,10,tpch,linux-6.17.0-1022-azure,4,15.6,3.12.14,duckdb_iceberg,2.0.0.dev2609121639,ok,cold,query,15,0.4094,1,ok,
35517764345-1,2026-09-20T14:51:49Z,https://github.com/djouallah/onelake-iceberg/actions/runs/35517764345,c9e8c79,10,tpch,linux-6.17.0-1022-azure,4,15.6,3.12.14,duckdb_iceberg,2.0.0.dev2609121639,ok,cold,query,16,0.178,27840,ok,
35517764345-1,2026-09-20T14:51:49Z,https://github.com/djouallah/onelake-iceberg/actions/runs/35517764345,c9e8c79,10,tpch,linux-6.17.0-1022-azure,4,15.6,3.12.14,duckdb_iceberg,2.0.0.dev2609121639,ok,cold,query,17,1.6459,1,ok,
35517764345-1,2026-09-20T14:51:49Z,https://github.com/djouallah/onelake-iceberg/actions/runs/35517764345,c9e8c79,10,tpch,linux-6.17.0-1022-azure,4,15.6,3.12.14,duckdb_iceberg,2.0.0.dev2609121639,ok,cold,query,18,1.0443,100,ok,
35517764345-1,2026-09-20T14:51:49Z,https://github.com/djouallah/onelake-iceberg/actions/runs/35517764345,c9e8c79,10,tpch,linux-6.17.0-1022-azure,4,15.6,3.12.14,duckdb_iceberg,2.0.0.dev2609121639,ok,cold,query,19,0.589,1,ok,
35517764345-1,2026-09-20T14:51:49Z,https://github.com/djouallah/onelake-iceberg/actions/runs/35517764345,c9e8c79,10,tpch,linux-6.17.0-1022-azure,4,15.6,3.12.14,duckdb_iceberg,2.0.0.dev2609121639,ok,cold,query,20,0.7279,1804,ok,
35517764345-1,2026-09-20T14:51:49Z,https://github.com/djouallah/onelake-iceberg/actions/runs/35517764345,c9e8c79,10,tpch,linux-6.17.0-1022-azure,4,15.6,3.12.14,duckdb_iceberg,2.0.0.dev2609121639,ok,cold,query,21,2.682,100,ok,
35517764345-1,2026-09-20T14:51:49Z,https://github.com/djouallah/onelake-iceberg/actions/runs/35517764345,c9e8c79,10,tpch,linux-6.17.0-1022-azure,4,15.6,3.12.14,duckdb_iceberg,2.0.0.dev2609121639,ok,cold,query,22,0.3882,7,ok,
35517764345-1,2026-09-20T14:51:49Z,https://github.com/djouallah/onelake-iceberg/actions/runs/35517764345,c9e8c79,10,tpch,linux-6.17.0-1022-azure,4,15.6,3.12.14,duckdb_iceberg,2.0.0.dev2609121639,ok,warm,query,1,0.9748,4,ok,
35517764345-1,2026-09-20T14:51:49Z,https://github.com/djouallah/onelake-iceberg/actions/runs/35517764345,c9e8c79,10,tpch,linux-6.17.0-1022-azure,4,15.6,3.12.14,duckdb_iceberg,2.0.0.dev2609121639,ok,warm,query,2,0.227,10,ok,
35517764345-1,2026-09-20T14:51:49Z,https://github.com/djouallah/onelake-iceberg/actions/runs/35517764345,c9e8c79,10,tpch,linux-6.17.0-1022-azure,4,15.6,3.12.14,duckdb_iceberg,2.0.0.dev2609121639,ok,warm,query,3,0.6181,10,ok,
35517764345-1,2026-09-20T14:51:49Z,https://github.com/djouallah/onelake-iceberg/actions/runs/35517764345,c9e8c79,10,tpch,linux-6.17.0-1022-azure,4,15.6,3.12.14,duckdb_iceberg,2.0.0.dev2609121639,ok,warm,query,4,0.3136,5,ok,
35517764345-1,2026-09-20T14:51:49Z,https://github.com/djouallah/onelake-iceberg/actions/runs/35517764345,c9e8c79,10,tpch,linux-6.17.0-1022-azure,4,15.6,3.12.14,duckdb_iceberg,2.0.0.dev2609121639,ok,warm,query,5,0.7434,5,ok,
35517764345-1,2026-09-20T14:51:49Z,https://github.com/djouallah/onelake-iceberg/actions/runs/35517764345,c9e8c79,10,tpch,linux-6.17.0-1022-azure,4,15.6,3.12.14,duckdb_iceberg,2.0.0.dev2609121639,ok,warm,query,6,0.3343,1,ok,
35517764345-1,2026-09-20T14:51:49Z,https://github.com/djouallah/onelake-iceberg/actions/runs/35517764345,c9e8c79,10,tpch,linux-6.17.0-1022-azure,4,15.6,3.12.14,duckdb_iceberg,2.0.0.dev2609121639,ok,warm,query,7,0.6607,9,ok,
35517764345-1,2026-09-20T14:51:49Z,https://github.com/djouallah/onelake-iceberg/actions/runs/35517764345,c9e8c79,10,tpch,linux-6.17.0-1022-azure,4,15.6,3.12.14,duckdb_iceberg,2.0.0.dev2609121639,ok,warm,query,8,0.7866,2,ok,
35517764345-1,2026-09-20T14:51:49Z,https://github.com/djouallah/onelake-iceberg/actions/runs/35517764345,c9e8c79,10,tpch,linux-6.17.0-1022-azure,4,15.6,3.12.14,duckdb_iceberg,2.0.0.dev2609121639,ok,warm,query,9,1.5665,175,ok,
35517764345-1,2026-09-20T14:51:49Z,https://github.com/djouallah/onelake-iceberg/actions/runs/35517764345,c9e8c79,10,tpch,linux-6.17.0-1022-azure,4,15.6,3.12.14,duckdb_iceberg,2.0.0.dev2609121639,ok,warm,query,10,0.9279,20,ok,
35517764345-1,2026-09-20T14:51:49Z,https://github.com/djouallah/onelake-iceberg/actions/runs/35517764345,c9e8c79,10,tpch,linux-6.17.0-1022-azure,4,15.6,3.12.14,duckdb_iceberg,2.0.0.dev2609121639,ok,warm,query,11,0.1073,8685,ok,
35517764345-1,2026-09-20T14:51:49Z,https://github.com/djouallah/onelake-iceberg/actions/runs/35517764345,c9e8c79,10,tpch,linux-6.17.0-1022-azure,4,15.6,3.12.14,duckdb_iceberg,2.0.0.dev2609121639,ok,warm,query,12,0.3794,2,ok,
35517764345-1,2026-09-20T14:51:49Z,https://github.com/djouallah/onelake-iceberg/actions/runs/35517764345,c9e8c79,10,tpch,linux-6.17.0-1022-azure,4,15.6,3.12.14,duckdb_iceberg,2.0.0.dev2609121639,ok,warm,query,13,1.1603,46,ok,
35517764345-1,2026-09-20T14:51:49Z,https://github.com/djouallah/onelake-iceberg/actions/runs/35517764345,c9e8c79,10,tpch,linux-6.17.0-1022-azure,4,15.6,3.12.14,duckdb_iceberg,2.0.0.dev2609121639,ok,warm,query,14,0.5933,1,ok,
35517764345-1,2026-09-20T14:51:49Z,https://github.com/djouallah/onelake-iceberg/actions/runs/35517764345,c9e8c79,10,tpch,linux-6.17.0-1022-azure,4,15.6,3.12.14,duckdb_iceberg,2.0.0.dev2609121639,ok,warm,query,15,0.4194,1,ok,
35517764345-1,2026-09-20T14:51:49Z,https://github.com/djouallah/onelake-iceberg/actions/runs/35517764345,c9e8c79,10,tpch,linux-6.17.0-1022-azure,4,15.6,3.12.14,duckdb_iceberg,2.0.0.dev2609121639,ok,warm,query,16,0.1705,27840,ok,
35517764345-1,2026-09-20T14:51:49Z,https://github.com/djouallah/onelake-iceberg/actions/runs/35517764345,c9e8c79,10,tpch,linux-6.17.0-1022-azure,4,15.6,3.12.14,duckdb_iceberg,2.0.0.dev2609121639,ok,warm,query,17,1.6914,1,ok,
35517764345-1,2026-09-20T14:51:49Z,https://github.com/djouallah/onelake-iceberg/actions/runs/35517764345,c9e8c79,10,tpch,linux-6.17.0-1022-azure,4,15.6,3.12.14,duckdb_iceberg,2.0.0.dev2609121639,ok,warm,query,18,0.7522,100,ok,
35517764345-1,2026-09-20T14:51:49Z,https://github.com/djouallah/onelake-iceberg/actions/runs/35517764345,c9e8c79,10,tpch,linux-6.17.0-1022-azure,4,15.6,3.12.14,duckdb_iceberg,2.0.0.dev2609121639,ok,warm,query,19,0.5992,1,ok,
35517764345-1,2026-09-20T14:51:49Z,https://github.com/djouallah/onelake-iceberg/actions/runs/35517764345,c9e8c79,10,tpch,linux-6.17.0-1022-azure,4,15.6,3.12.14,duckdb_iceberg,2.0.0.dev2609121639,ok,warm,query,20,0.7272,1804,ok,
35517764345-1,2026-09-20T14:51:49Z,https://github.com/djouallah/onelake-iceberg/actions/runs/35517764345,c9e8c79,10,tpch,linux-6.17.0-1022-azure,4,15.6,3.12.14,duckdb_iceberg,2.0.0.dev2609121639,ok,warm,query,21,2.6784,100,ok,
35517764345-1,2026-09-20T14:51:49Z,https://github.com/djouallah/onelake-iceberg/actions/runs/35517764345,c9e8c79,10,tpch,linux-6.17.0-1022-azure,4,15.6,3.12.14,duckdb_iceberg,2.0.0.dev2609121639,ok,warm,query,22,0.4015,7,ok,
35517764345-1,2026-09-20T14:51:49Z,https://github.com/djouallah/onelake-iceberg/actions/runs/35517764345,c9e8c79,10,tpch,linux-6.17.0-1022-azure,4,15.6,3.12.14,lakesail_iceberg,0.7.1,ok,cold,setup,0,1.9388,,ok,
35517764345-1,2026-09-20T14:51:49Z,https://github.com/djouallah/onelake-iceberg/actions/runs/35517764345,c9e8c79,10,tpch,linux-6.17.0-1022-azure,4,15.6,3.12.14,lakesail_iceberg,0.7.1,ok,cold,query,1,6.2335,4,ok,
35517764345-1,2026-09-20T14:51:49Z,https://github.com/djouallah/onelake-iceberg/actions/runs/35517764345,c9e8c79,10,tpch,linux-6.17.0-1022-azure,4,15.6,3.12.14,lakesail_iceberg,0.7.1,ok,cold,query,2,4.6595,10,ok,
35517764345-1,2026-09-20T14:51:49Z,https://github.com/djouallah/onelake-iceberg/actions/runs/35517764345,c9e8c79,10,tpch,linux-6.17.0-1022-azure,4,15.6,3.12.14,lakesail_iceberg,0.7.1,ok,cold,query,3,5.3756,10,ok,
35517764345-1,2026-09-20T14:51:49Z,https://github.com/djouallah/onelake-iceberg/actions/runs/35517764345,c9e8c79,10,tpch,linux-6.17.0-1022-azure,4,15.6,3.12.14,lakesail_iceberg,0.7.1,ok,cold,query,4,3.0775,5,ok,
35517764345-1,2026-09-20T14:51:49Z,https://github.com/djouallah/onelake-iceberg/actions/runs/35517764345,c9e8c79,10,tpch,linux-6.17.0-1022-azure,4,15.6,3.12.14,lakesail_iceberg,0.7.1,ok,cold,query,5,6.1853,5,ok,
35517764345-1,2026-09-20T14:51:49Z,https://github.com/djouallah/onelake-iceberg/actions/runs/35517764345,c9e8c79,10,tpch,linux-6.17.0-1022-azure,4,15.6,3.12.14,lakesail_iceberg,0.7.1,ok,cold,query,6,3.6374,1,ok,
35517764345-1,2026-09-20T14:51:49Z,https://github.com/djouallah/onelake-iceberg/actions/runs/35517764345,c9e8c79,10,tpch,linux-6.17.0-1022-azure,4,15.6,3.12.14,lakesail_iceberg,0.7.1,ok,cold,query,7,6.3411,9,ok,
35517764345-1,2026-09-20T14:51:49Z,https://github.com/djouallah/onelake-iceberg/actions/runs/35517764345,c9e8c79,10,tpch,linux-6.17.0-1022-azure,4,15.6,3.12.14,lakesail_iceberg,0.7.1,ok,cold,query,8,8.1457,2,ok,
35517764345-1,2026-09-20T14:51:49Z,https://github.com/djouallah/onelake-iceberg/actions/runs/35517764345,c9e8c79,10,tpch,linux-6.17.0-1022-azure,4,15.6,3.12.14,lakesail_iceberg,0.7.1,ok,cold,query,9,8.7226,175,ok,
35517764345-1,2026-09-20T14:51:49Z,https://github.com/djouallah/onelake-iceberg/actions/runs/35517764345,c9e8c79,10,tpch,linux-6.17.0-1022-azure,4,15.6,3.12.14,lakesail_iceberg,0.7.1,ok,cold,query,10,5.8919,20,ok,
35517764345-1,2026-09-20T14:51:49Z,https://github.com/djouallah/onelake-iceberg/actions/runs/35517764345,c9e8c79,10,tpch,linux-6.17.0-1022-azure,4,15.6,3.12.14,lakesail_iceberg,0.7.1,ok,cold,query,11,2.7852,8685,ok,
35517764345-1,2026-09-20T14:51:49Z,https://github.com/djouallah/onelake-iceberg/actions/runs/35517764345,c9e8c79,10,tpch,linux-6.17.0-1022-azure,4,15.6,3.12.14,lakesail_iceberg,0.7.1,ok,cold,query,12,3.8863,2,ok,
35517764345-1,2026-09-20T14:51:49Z,https://github.com/djouallah/onelake-iceberg/actions/runs/35517764345,c9e8c79,10,tpch,linux-6.17.0-1022-azure,4,15.6,3.12.14,lakesail_iceberg,0.7.1,ok,cold,query,13,2.8373,46,ok,
35517764345-1,2026-09-20T14:51:49Z,https://github.com/djouallah/onelake-iceberg/actions/runs/35517764345,c9e8c79,10,tpch,linux-6.17.0-1022-azure,4,15.6,3.12.14,lakesail_iceberg,0.7.1,ok,cold,query,14,4.0376,1,ok,
35517764345-1,2026-09-20T14:51:49Z,https://github.com/djouallah/onelake-iceberg/actions/runs/35517764345,c9e8c79,10,tpch,linux-6.17.0-1022-azure,4,15.6,3.12.14,lakesail_iceberg,0.7.1,ok,cold,query,15,7.1292,1,ok,
35517764345-1,2026-09-20T14:51:49Z,https://github.com/djouallah/onelake-iceberg/actions/runs/35517764345,c9e8c79,10,tpch,linux-6.17.0-1022-azure,4,15.6,3.12.14,lakesail_iceberg,0.7.1,ok,cold,query,16,1.9867,27840,ok,
35517764345-1,2026-09-20T14:51:49Z,https://github.com/djouallah/onelake-iceberg/actions/runs/35517764345,c9e8c79,10,tpch,linux-6.17.0-1022-azure,4,15.6,3.12.14,lakesail_iceberg,0.7.1,ok,cold,query,17,11.348,1,ok,
35517764345-1,2026-09-20T14:51:49Z,https://github.com/djouallah/onelake-iceberg/actions/runs/35517764345,c9e8c79,10,tpch,linux-6.17.0-1022-azure,4,15.6,3.12.14,lakesail_iceberg,0.7.1,ok,cold,query,18,9.7757,100,ok,
35517764345-1,2026-09-20T14:51:49Z,https://github.com/djouallah/onelake-iceberg/actions/runs/35517764345,c9e8c79,10,tpch,linux-6.17.0-1022-azure,4,15.6,3.12.14,lakesail_iceberg,0.7.1,ok,cold,query,19,5.0643,1,ok,
35517764345-1,2026-09-20T14:51:49Z,https://github.com/djouallah/onelake-iceberg/actions/runs/35517764345,c9e8c79,10,tpch,linux-6.17.0-1022-azure,4,15.6,3.12.14,lakesail_iceberg,0.7.1,ok,cold,query,20,5.401,1804,ok,
35517764345-1,2026-09-20T14:51:49Z,https://github.com/djouallah/onelake-iceberg/actions/runs/35517764345,c9e8c79,10,tpch,linux-6.17.0-1022-azure,4,15.6,3.12.14,lakesail_iceberg,0.7.1,ok,cold,query,21,10.633,100,ok,
35517764345-1,2026-09-20T14:51:49Z,https://github.com/djouallah/onelake-iceberg/actions/runs/35517764345,c9e8c79,10,tpch,linux-6.17.0-1022-azure,4,15.6,3.12.14,lakesail_iceberg,0.7.1,ok,cold,query,22,2.234,7,ok,
35517764345-1,2026-09-20T14:51:49Z,https://github.com/djouallah/onelake-iceberg/actions/runs/35517764345,c9e8c79,10,tpch,linux-6.17.0-1022-azure,4,15.6,3.12.14,lakesail_iceberg,0.7.1,ok,warm,query,1,5.5191,4,ok,
35517764345-1,2026-09-20T14:51:49Z,https://github.com/djouallah/onelake-iceberg/actions/runs/35517764345,c9e8c79,10,tpch,linux-6.17.0-1022-azure,4,15.6,3.12.14,lakesail_iceberg,0.7.1,ok,warm,query,2,4.0954,10,ok,
35517764345-1,2026-09-20T14:51:49Z,https://github.com/djouallah/onelake-iceberg/actions/runs/35517764345,c9e8c79,10,tpch,linux-6.17.0-1022-azure,4,15.6,3.12.14,lakesail_iceberg,0.7.1,ok,warm,query,3,5.2121,10,ok,
35517764345-1,2026-09-20T14:51:49Z,https://github.com/djouallah/onelake-iceberg/actions/runs/35517764345,c9e8c79,10,tpch,linux-6.17.0-1022-azure,4,15.6,3.12.14,lakesail_iceberg,0.7.1,ok,warm,query,4,2.9046,5,ok,
35517764345-1,2026-09-20T14:51:49Z,https://github.com/djouallah/onelake-iceberg/actions/runs/35517764345,c9e8c79,10,tpch,linux-6.17.0-1022-azure,4,15.6,3.12.14,lakesail_iceberg,0.7.1,ok,warm,query,5,6.5068,5,ok,
35517764345-1,2026-09-20T14:51:49Z,https://github.com/djouallah/onelake-iceberg/actions/runs/35517764345,c9e8c79,10,tpch,linux-6.17.0-1022-azure,4,15.6,3.12.14,lakesail_iceberg,0.7.1,ok,warm,query,6,3.3904,1,ok,
35517764345-1,2026-09-20T14:51:49Z,https://github.com/djouallah/onelake-iceberg/actions/runs/35517764345,c9e8c79,10,tpch,linux-6.17.0-1022-azure,4,15.6,3.12.14,lakesail_iceberg,0.7.1,ok,warm,query,7,6.5543,9,ok,
35517764345-1,2026-09-20T14:51:49Z,https://github.com/djouallah/onelake-iceberg/actions/runs/35517764345,c9e8c79,10,tpch,linux-6.17.0-1022-azure,4,15.6,3.12.14,lakesail_iceberg,0.7.1,ok,warm,query,8,7.7811,2,ok,
35517764345-1,2026-09-20T14:51:49Z,https://github.com/djouallah/onelake-iceberg/actions/runs/35517764345,c9e8c79,10,tpch,linux-6.17.0-1022-azure,4,15.6,3.12.14,lakesail_iceberg,0.7.1,ok,warm,query,9,8.2771,175,ok,
35517764345-1,2026-09-20T14:51:49Z,https://github.com/djouallah/onelake-iceberg/actions/runs/35517764345,c9e8c79,10,tpch,linux-6.17.0-1022-azure,4,15.6,3.12.14,lakesail_iceberg,0.7.1,ok,warm,query,10,5.6742,20,ok,
35517764345-1,2026-09-20T14:51:49Z,https://github.com/djouallah/onelake-iceberg/actions/runs/35517764345,c9e8c79,10,tpch,linux-6.17.0-1022-azure,4,15.6,3.12.14,lakesail_iceberg,0.7.1,ok,warm,query,11,2.8217,8685,ok,
35517764345-1,2026-09-20T14:51:49Z,https://github.com/djouallah/onelake-iceberg/actions/runs/35517764345,c9e8c79,10,tpch,linux-6.17.0-1022-azure,4,15.6,3.12.14,lakesail_iceberg,0.7.1,ok,warm,query,12,3.9083,2,ok,
35517764345-1,2026-09-20T14:51:49Z,https://github.com/djouallah/onelake-iceberg/actions/runs/35517764345,c9e8c79,10,tpch,linux-6.17.0-1022-azure,4,15.6,3.12.14,lakesail_iceberg,0.7.1,ok,warm,query,13,2.977,46,ok,
35517764345-1,2026-09-20T14:51:49Z,https://github.com/djouallah/onelake-iceberg/actions/runs/35517764345,c9e8c79,10,tpch,linux-6.17.0-1022-azure,4,15.6,3.12.14,lakesail_iceberg,0.7.1,ok,warm,query,14,3.9101,1,ok,
35517764345-1,2026-09-20T14:51:49Z,https://github.com/djouallah/onelake-iceberg/actions/runs/35517764345,c9e8c79,10,tpch,linux-6.17.0-1022-azure,4,15.6,3.12.14,lakesail_iceberg,0.7.1,ok,warm,query,15,6.7945,1,ok,
35517764345-1,2026-09-20T14:51:49Z,https://github.com/djouallah/onelake-iceberg/actions/runs/35517764345,c9e8c79,10,tpch,linux-6.17.0-1022-azure,4,15.6,3.12.14,lakesail_iceberg,0.7.1,ok,warm,query,16,1.9816,27840,ok,
35517764345-1,2026-09-20T14:51:49Z,https://github.com/djouallah/onelake-iceberg/actions/runs/35517764345,c9e8c79,10,tpch,linux-6.17.0-1022-azure,4,15.6,3.12.14,lakesail_iceberg,0.7.1,ok,warm,query,17,30.7881,1,ok,
35517764345-1,2026-09-20T14:51:49Z,https://github.com/djouallah/onelake-iceberg/actions/runs/35517764345,c9e8c79,10,tpch,linux-6.17.0-1022-azure,4,15.6,3.12.14,lakesail_iceberg,0.7.1,ok,warm,query,18,9.131,100,ok,
35517764345-1,2026-09-20T14:51:49Z,https://github.com/djouallah/onelake-iceberg/actions/runs/35517764345,c9e8c79,10,tpch,linux-6.17.0-1022-azure,4,15.6,3.12.14,lakesail_iceberg,0.7.1,ok,warm,query,19,4.789,1,ok,
35517764345-1,2026-09-20T14:51:49Z,https://github.com/djouallah/onelake-iceberg/actions/runs/35517764345,c9e8c79,10,tpch,linux-6.17.0-1022-azure,4,15.6,3.12.14,lakesail_iceberg,0.7.1,ok,warm,query,20,5.7761,1804,ok,
35517764345-1,2026-09-20T14:51:49Z,https://github.com/djouallah/onelake-iceberg/actions/runs/35517764345,c9e8c79,10,tpch,linux-6.17.0-1022-azure,4,15.6,3.12.14,lakesail_iceberg,0.7.1,ok,warm,query,21,10.6435,100,ok,
35517764345-1,2026-09-20T14:51:49Z,https://github.com/djouallah/onelake-iceberg/actions/runs/35517764345,c9e8c79,10,tpch,linux-6.17.0-1022-azure,4,15.6,3.12.14,lakesail_iceberg,0.7.1,ok,warm,query,22,2.4534,7,ok,
35517764345-1,2026-09-20T14:51:49Z,https://github.com/djouallah/onelake-iceberg/actions/runs/35517764345,c9e8c79,10,tpch,linux-6.17.0-1022-azure,4,15.6,3.12.14,polars_iceberg,2.0.0-rc.2,ok,cold,setup,0,8.9145,,ok,
35517764345-1,2026-09-20T14:51:49Z,https://github.com/djouallah/onelake-iceberg/actions/runs/35517764345,c9e8c79,10,tpch,linux-6.17.0-1022-azure,4,15.6,3.12.14,polars_iceberg,2.0.0-rc.2,ok,cold,query,1,11.1939,4,ok,
35517764345-1,2026-09-20T14:51:49Z,https://github.com/djouallah/onelake-iceberg/actions/runs/35517764345,c9e8c79,10,tpch,linux-6.17.0-1022-azure,4,15.6,3.12.14,polars_iceberg,2.0.0-rc.2,ok,cold,query,2,6.3481,10,ok,
35517764345-1,2026-09-20T14:51:49Z,https://github.com/djouallah/onelake-iceberg/actions/runs/35517764345,c9e8c79,10,tpch,linux-6.17.0-1022-azure,4,15.6,3.12.14,polars_iceberg,2.0.0-rc.2,ok,cold,query,3,3.64,10,ok,
35517764345-1,2026-09-20T14:51:49Z,https://github.com/djouallah/onelake-iceberg/actions/runs/35517764345,c9e8c79,10,tpch,linux-6.17.0-1022-azure,4,15.6,3.12.14,polars_iceberg,2.0.0-rc.2,ok,cold,query,4,2.7181,5,ok,
35517764345-1,2026-09-20T14:51:49Z,https://github.com/djouallah/onelake-iceberg/actions/runs/35517764345,c9e8c79,10,tpch,linux-6.17.0-1022-azure,4,15.6,3.12.14,polars_iceberg,2.0.0-rc.2,ok,cold,query,5,3.4665,5,ok,
35517764345-1,2026-09-20T14:51:49Z,https://github.com/djouallah/onelake-iceberg/actions/runs/35517764345,c9e8c79,10,tpch,linux-6.17.0-1022-azure,4,15.6,3.12.14,polars_iceberg,2.0.0-rc.2,ok,cold,query,6,1.8897,1,ok,
35517764345-1,2026-09-20T14:51:49Z,https://github.com/djouallah/onelake-iceberg/actions/runs/35517764345,c9e8c79,10,tpch,linux-6.17.0-1022-azure,4,15.6,3.12.14,polars_iceberg,2.0.0-rc.2,ok,cold,query,7,8.5151,9,ok,
35517764345-1,2026-09-20T14:51:49Z,https://github.com/djouallah/onelake-iceberg/actions/runs/35517764345,c9e8c79,10,tpch,linux-6.17.0-1022-azure,4,15.6,3.12.14,polars_iceberg,2.0.0-rc.2,ok,cold,query,8,3.9243,2,ok,
35517764345-1,2026-09-20T14:51:49Z,https://github.com/djouallah/onelake-iceberg/actions/runs/35517764345,c9e8c79,10,tpch,linux-6.17.0-1022-azure,4,15.6,3.12.14,polars_iceberg,2.0.0-rc.2,ok,cold,query,9,4.5663,175,ok,
35517764345-1,2026-09-20T14:51:49Z,https://github.com/djouallah/onelake-iceberg/actions/runs/35517764345,c9e8c79,10,tpch,linux-6.17.0-1022-azure,4,15.6,3.12.14,polars_iceberg,2.0.0-rc.2,ok,cold,query,10,2.2781,20,ok,
35517764345-1,2026-09-20T14:51:49Z,https://github.com/djouallah/onelake-iceberg/actions/runs/35517764345,c9e8c79,10,tpch,linux-6.17.0-1022-azure,4,15.6,3.12.14,polars_iceberg,2.0.0-rc.2,ok,cold,query,11,0.8811,8685,ok,
35517764345-1,2026-09-20T14:51:49Z,https://github.com/djouallah/onelake-iceberg/actions/runs/35517764345,c9e8c79,10,tpch,linux-6.17.0-1022-azure,4,15.6,3.12.14,polars_iceberg,2.0.0-rc.2,ok,cold,query,12,1.6005,2,ok,
35517764345-1,2026-09-20T14:51:49Z,https://github.com/djouallah/onelake-iceberg/actions/runs/35517764345,c9e8c79,10,tpch,linux-6.17.0-1022-azure,4,15.6,3.12.14,polars_iceberg,2.0.0-rc.2,ok,cold,query,13,2.828,46,ok,
35517764345-1,2026-09-20T14:51:49Z,https://github.com/djouallah/onelake-iceberg/actions/runs/35517764345,c9e8c79,10,tpch,linux-6.17.0-1022-azure,4,15.6,3.12.14,polars_iceberg,2.0.0-rc.2,ok,cold,query,14,1.6862,1,ok,
35517764345-1,2026-09-20T14:51:49Z,https://github.com/djouallah/onelake-iceberg/actions/runs/35517764345,c9e8c79,10,tpch,linux-6.17.0-1022-azure,4,15.6,3.12.14,polars_iceberg,2.0.0-rc.2,ok,cold,query,15,1.3616,1,ok,
35517764345-1,2026-09-20T14:51:49Z,https://github.com/djouallah/onelake-iceberg/actions/runs/35517764345,c9e8c79,10,tpch,linux-6.17.0-1022-azure,4,15.6,3.12.14,polars_iceberg,2.0.0-rc.2,ok,cold,query,16,0.9508,27840,ok,
35517764345-1,2026-09-20T14:51:49Z,https://github.com/djouallah/onelake-iceberg/actions/runs/35517764345,c9e8c79,10,tpch,linux-6.17.0-1022-azure,4,15.6,3.12.14,polars_iceberg,2.0.0-rc.2,ok,cold,query,17,4.6565,1,ok,
35517764345-1,2026-09-20T14:51:49Z,https://github.com/djouallah/onelake-iceberg/actions/runs/35517764345,c9e8c79,10,tpch,linux-6.17.0-1022-azure,4,15.6,3.12.14,polars_iceberg,2.0.0-rc.2,ok,cold,query,18,6.5785,100,ok,
35517764345-1,2026-09-20T14:51:49Z,https://github.com/djouallah/onelake-iceberg/actions/runs/35517764345,c9e8c79,10,tpch,linux-6.17.0-1022-azure,4,15.6,3.12.14,polars_iceberg,2.0.0-rc.2,ok,cold,query,19,2.014,1,ok,
35517764345-1,2026-09-20T14:51:49Z,https://github.com/djouallah/onelake-iceberg/actions/runs/35517764345,c9e8c79,10,tpch,linux-6.17.0-1022-azure,4,15.6,3.12.14,polars_iceberg,2.0.0-rc.2,ok,cold,query,20,3.5236,1804,ok,
35517764345-1,2026-09-20T14:51:49Z,https://github.com/djouallah/onelake-iceberg/actions/runs/35517764345,c9e8c79,10,tpch,linux-6.17.0-1022-azure,4,15.6,3.12.14,polars_iceberg,2.0.0-rc.2,ok,cold,query,21,6.3421,100,ok,
35517764345-1,2026-09-20T14:51:49Z,https://github.com/djouallah/onelake-iceberg/actions/runs/35517764345,c9e8c79,10,tpch,linux-6.17.0-1022-azure,4,15.6,3.12.14,polars_iceberg,2.0.0-rc.2,ok,cold,query,22,1.2588,7,ok,
35517764345-1,2026-09-20T14:51:49Z,https://github.com/djouallah/onelake-iceberg/actions/runs/35517764345,c9e8c79,10,tpch,linux-6.17.0-1022-azure,4,15.6,3.12.14,polars_iceberg,2.0.0-rc.2,ok,warm,query,1,4.6381,4,ok,
35517764345-1,2026-09-20T14:51:49Z,https://github.com/djouallah/onelake-iceberg/actions/runs/35517764345,c9e8c79,10,tpch,linux-6.17.0-1022-azure,4,15.6,3.12.14,polars_iceberg,2.0.0-rc.2,ok,warm,query,2,2.2753,10,ok,
35517764345-1,2026-09-20T14:51:49Z,https://github.com/djouallah/onelake-iceberg/actions/runs/35517764345,c9e8c79,10,tpch,linux-6.17.0-1022-azure,4,15.6,3.12.14,polars_iceberg,2.0.0-rc.2,ok,warm,query,3,1.8941,10,ok,
35517764345-1,2026-09-20T14:51:49Z,https://github.com/djouallah/onelake-iceberg/actions/runs/35517764345,c9e8c79,10,tpch,linux-6.17.0-1022-azure,4,15.6,3.12.14,polars_iceberg,2.0.0-rc.2,ok,warm,query,4,2.0282,5,ok,
35517764345-1,2026-09-20T14:51:49Z,https://github.com/djouallah/onelake-iceberg/actions/runs/35517764345,c9e8c79,10,tpch,linux-6.17.0-1022-azure,4,15.6,3.12.14,polars_iceberg,2.0.0-rc.2,ok,warm,query,5,3.3915,5,ok,
35517764345-1,2026-09-20T14:51:49Z,https://github.com/djouallah/onelake-iceberg/actions/runs/35517764345,c9e8c79,10,tpch,linux-6.17.0-1022-azure,4,15.6,3.12.14,polars_iceberg,2.0.0-rc.2,ok,warm,query,6,1.7652,1,ok,
35517764345-1,2026-09-20T14:51:49Z,https://github.com/djouallah/onelake-iceberg/actions/runs/35517764345,c9e8c79,10,tpch,linux-6.17.0-1022-azure,4,15.6,3.12.14,polars_iceberg,2.0.0-rc.2,ok,warm,query,7,8.3847,9,ok,
35517764345-1,2026-09-20T14:51:49Z,https://github.com/djouallah/onelake-iceberg/actions/runs/35517764345,c9e8c79,10,tpch,linux-6.17.0-1022-azure,4,15.6,3.12.14,polars_iceberg,2.0.0-rc.2,ok,warm,query,8,3.9851,2,ok,
35517764345-1,2026-09-20T14:51:49Z,https://github.com/djouallah/onelake-iceberg/actions/runs/35517764345,c9e8c79,10,tpch,linux-6.17.0-1022-azure,4,15.6,3.12.14,polars_iceberg,2.0.0-rc.2,ok,warm,query,9,4.2955,175,ok,
35517764345-1,2026-09-20T14:51:49Z,https://github.com/djouallah/onelake-iceberg/actions/runs/35517764345,c9e8c79,10,tpch,linux-6.17.0-1022-azure,4,15.6,3.12.14,polars_iceberg,2.0.0-rc.2,ok,warm,query,10,2.2058,20,ok,
35517764345-1,2026-09-20T14:51:49Z,https://github.com/djouallah/onelake-iceberg/actions/runs/35517764345,c9e8c79,10,tpch,linux-6.17.0-1022-azure,4,15.6,3.12.14,polars_iceberg,2.0.0-rc.2,ok,warm,query,11,0.8383,8685,ok,
35517764345-1,2026-09-20T14:51:49Z,https://github.com/djouallah/onelake-iceberg/actions/runs/35517764345,c9e8c79,10,tpch,linux-6.17.0-1022-azure,4,15.6,3.12.14,polars_iceberg,2.0.0-rc.2,ok,warm,query,12,1.3393,2,ok,
35517764345-1,2026-09-20T14:51:49Z,https://github.com/djouallah/onelake-iceberg/actions/runs/35517764345,c9e8c79,10,tpch,linux-6.17.0-1022-azure,4,15.6,3.12.14,polars_iceberg,2.0.0-rc.2,ok,warm,query,13,2.3579,46,ok,
35517764345-1,2026-09-20T14:51:49Z,https://github.com/djouallah/onelake-iceberg/actions/runs/35517764345,c9e8c79,10,tpch,linux-6.17.0-1022-azure,4,15.6,3.12.14,polars_iceberg,2.0.0-rc.2,ok,warm,query,14,1.5543,1,ok,
35517764345-1,2026-09-20T14:51:49Z,https://github.com/djouallah/onelake-iceberg/actions/runs/35517764345,c9e8c79,10,tpch,linux-6.17.0-1022-azure,4,15.6,3.12.14,polars_iceberg,2.0.0-rc.2,ok,warm,query,15,1.2831,1,ok,
35517764345-1,2026-09-20T14:51:49Z,https://github.com/djouallah/onelake-iceberg/actions/runs/35517764345,c9e8c79,10,tpch,linux-6.17.0-1022-azure,4,15.6,3.12.14,polars_iceberg,2.0.0-rc.2,ok,warm,query,16,1.2375,27840,ok,
35517764345-1,2026-09-20T14:51:49Z,https://github.com/djouallah/onelake-iceberg/actions/runs/35517764345,c9e8c79,10,tpch,linux-6.17.0-1022-azure,4,15.6,3.12.14,polars_iceberg,2.0.0-rc.2,ok,warm,query,17,4.5216,1,ok,
35517764345-1,2026-09-20T14:51:49Z,https://github.com/djouallah/onelake-iceberg/actions/runs/35517764345,c9e8c79,10,tpch,linux-6.17.0-1022-azure,4,15.6,3.12.14,polars_iceberg,2.0.0-rc.2,ok,warm,query,18,6.3358,100,ok,
35517764345-1,2026-09-20T14:51:49Z,https://github.com/djouallah/onelake-iceberg/actions/runs/35517764345,c9e8c79,10,tpch,linux-6.17.0-1022-azure,4,15.6,3.12.14,polars_iceberg,2.0.0-rc.2,ok,warm,query,19,1.9317,1,ok,
35517764345-1,2026-09-20T14:51:49Z,https://github.com/djouallah/onelake-iceberg/actions/runs/35517764345,c9e8c79,10,tpch,linux-6.17.0-1022-azure,4,15.6,3.12.14,polars_iceberg,2.0.0-rc.2,ok,warm,query,20,3.1875,1804,ok,
35517764345-1,2026-09-20T14:51:49Z,https://github.com/djouallah/onelake-iceberg/actions/runs/35517764345,c9e8c79,10,tpch,linux-6.17.0-1022-azure,4,15.6,3.12.14,polars_iceberg,2.0.0-rc.2,ok,warm,query,21,6.4194,100,ok,
35517764345-1,2026-09-20T14:51:49Z,https://github.com/djouallah/onelake-iceberg/actions/runs/35517764345,c9e8c79,10,tpch,linux-6.17.0-1022-azure,4,15.6,3.12.14,polars_iceberg,2.0.0-rc.2,ok,warm,query,22,1.4519,7,ok,
35517764345-1,2026-09-20T14:51:49Z,https://github.com/djouallah/onelake-iceberg/actions/runs/35517764345,c9e8c79,10,tpch,linux-6.17.0-1022-azure,4,15.6,3.12.14,pyspark_iceberg,4.1.3,ok,cold,setup,0,11.2909,,ok,
35517764345-1,2026-09-20T14:51:49Z,https://github.com/djouallah/onelake-iceberg/actions/runs/35517764345,c9e8c79,10,tpch,linux-6.17.0-1022-azure,4,15.6,3.12.14,pyspark_iceberg,4.1.3,ok,cold,query,1,52.376,4,ok,
35517764345-1,2026-09-20T14:51:49Z,https://github.com/djouallah/onelake-iceberg/actions/runs/35517764345,c9e8c79,10,tpch,linux-6.17.0-1022-azure,4,15.6,3.12.14,pyspark_iceberg,4.1.3,ok,cold,query,2,13.8941,10,ok,
35517764345-1,2026-09-20T14:51:49Z,https://github.com/djouallah/onelake-iceberg/actions/runs/35517764345,c9e8c79,10,tpch,linux-6.17.0-1022-azure,4,15.6,3.12.14,pyspark_iceberg,4.1.3,ok,cold,query,3,25.5737,10,ok,
35517764345-1,2026-09-20T14:51:49Z,https://github.com/djouallah/onelake-iceberg/actions/runs/35517764345,c9e8c79,10,tpch,linux-6.17.0-1022-azure,4,15.6,3.12.14,pyspark_iceberg,4.1.3,ok,cold,query,4,16.7886,5,ok,
35517764345-1,2026-09-20T14:51:49Z,https://github.com/djouallah/onelake-iceberg/actions/runs/35517764345,c9e8c79,10,tpch,linux-6.17.0-1022-azure,4,15.6,3.12.14,pyspark_iceberg,4.1.3,ok,cold,query,5,34.194,5,ok,
35517764345-1,2026-09-20T14:51:49Z,https://github.com/djouallah/onelake-iceberg/actions/runs/35517764345,c9e8c79,10,tpch,linux-6.17.0-1022-azure,4,15.6,3.12.14,pyspark_iceberg,4.1.3,ok,cold,query,6,12.4423,1,ok,
35517764345-1,2026-09-20T14:51:49Z,https://github.com/djouallah/onelake-iceberg/actions/runs/35517764345,c9e8c79,10,tpch,linux-6.17.0-1022-azure,4,15.6,3.12.14,pyspark_iceberg,4.1.3,ok,cold,query,7,51.2631,9,ok,
35517764345-1,2026-09-20T14:51:49Z,https://github.com/djouallah/onelake-iceberg/actions/runs/35517764345,c9e8c79,10,tpch,linux-6.17.0-1022-azure,4,15.6,3.12.14,pyspark_iceberg,4.1.3,ok,cold,query,8,30.1203,2,ok,
35517764345-1,2026-09-20T14:51:49Z,https://github.com/djouallah/onelake-iceberg/actions/runs/35517764345,c9e8c79,10,tpch,linux-6.17.0-1022-azure,4,15.6,3.12.14,pyspark_iceberg,4.1.3,ok,cold,query,9,38.2592,175,ok,
35517764345-1,2026-09-20T14:51:49Z,https://github.com/djouallah/onelake-iceberg/actions/runs/35517764345,c9e8c79,10,tpch,linux-6.17.0-1022-azure,4,15.6,3.12.14,pyspark_iceberg,4.1.3,ok,cold,query,10,19.8335,20,ok,
35517764345-1,2026-09-20T14:51:49Z,https://github.com/djouallah/onelake-iceberg/actions/runs/35517764345,c9e8c79,10,tpch,linux-6.17.0-1022-azure,4,15.6,3.12.14,pyspark_iceberg,4.1.3,ok,cold,query,11,3.8141,8685,ok,
35517764345-1,2026-09-20T14:51:49Z,https://github.com/djouallah/onelake-iceberg/actions/runs/35517764345,c9e8c79,10,tpch,linux-6.17.0-1022-azure,4,15.6,3.12.14,pyspark_iceberg,4.1.3,ok,cold,query,12,17.5832,2,ok,
35517764345-1,2026-09-20T14:51:49Z,https://github.com/djouallah/onelake-iceberg/actions/runs/35517764345,c9e8c79,10,tpch,linux-6.17.0-1022-azure,4,15.6,3.12.14,pyspark_iceberg,4.1.3,ok,cold,query,13,13.788,46,ok,
35517764345-1,2026-09-20T14:51:49Z,https://github.com/djouallah/onelake-iceberg/actions/runs/35517764345,c9e8c79,10,tpch,linux-6.17.0-1022-azure,4,15.6,3.12.14,pyspark_iceberg,4.1.3,ok,cold,query,14,13.3759,1,ok,
35517764345-1,2026-09-20T14:51:49Z,https://github.com/djouallah/onelake-iceberg/actions/runs/35517764345,c9e8c79,10,tpch,linux-6.17.0-1022-azure,4,15.6,3.12.14,pyspark_iceberg,4.1.3,ok,cold,query,15,25.6802,1,ok,
35517764345-1,2026-09-20T14:51:49Z,https://github.com/djouallah/onelake-iceberg/actions/runs/35517764345,c9e8c79,10,tpch,linux-6.17.0-1022-azure,4,15.6,3.12.14,pyspark_iceberg,4.1.3,ok,cold,query,16,5.8709,27840,ok,
35517764345-1,2026-09-20T14:51:49Z,https://github.com/djouallah/onelake-iceberg/actions/runs/35517764345,c9e8c79,10,tpch,linux-6.17.0-1022-azure,4,15.6,3.12.14,pyspark_iceberg,4.1.3,ok,cold,query,17,49.1763,1,ok,
35517764345-1,2026-09-20T14:51:49Z,https://github.com/djouallah/onelake-iceberg/actions/runs/35517764345,c9e8c79,10,tpch,linux-6.17.0-1022-azure,4,15.6,3.12.14,pyspark_iceberg,4.1.3,ok,cold,query,18,43.3072,100,ok,
35517764345-1,2026-09-20T14:51:49Z,https://github.com/djouallah/onelake-iceberg/actions/runs/35517764345,c9e8c79,10,tpch,linux-6.17.0-1022-azure,4,15.6,3.12.14,pyspark_iceberg,4.1.3,ok,cold,query,19,16.0255,1,ok,
35517764345-1,2026-09-20T14:51:49Z,https://github.com/djouallah/onelake-iceberg/actions/runs/35517764345,c9e8c79,10,tpch,linux-6.17.0-1022-azure,4,15.6,3.12.14,pyspark_iceberg,4.1.3,ok,cold,query,20,16.7265,1804,ok,
35517764345-1,2026-09-20T14:51:49Z,https://github.com/djouallah/onelake-iceberg/actions/runs/35517764345,c9e8c79,10,tpch,linux-6.17.0-1022-azure,4,15.6,3.12.14,pyspark_iceberg,4.1.3,ok,cold,query,21,53.1418,100,ok,
35517764345-1,2026-09-20T14:51:49Z,https://github.com/djouallah/onelake-iceberg/actions/runs/35517764345,c9e8c79,10,tpch,linux-6.17.0-1022-azure,4,15.6,3.12.14,pyspark_iceberg,4.1.3,ok,cold,query,22,7.6511,7,ok,
35517764345-1,2026-09-20T14:51:49Z,https://github.com/djouallah/onelake-iceberg/actions/runs/35517764345,c9e8c79,10,tpch,linux-6.17.0-1022-azure,4,15.6,3.12.14,pyspark_iceberg,4.1.3,ok,warm,query,1,42.3798,4,ok,
35517764345-1,2026-09-20T14:51:49Z,https://github.com/djouallah/onelake-iceberg/actions/runs/35517764345,c9e8c79,10,tpch,linux-6.17.0-1022-azure,4,15.6,3.12.14,pyspark_iceberg,4.1.3,ok,warm,query,2,9.1305,10,ok,
35517764345-1,2026-09-20T14:51:49Z,https://github.com/djouallah/onelake-iceberg/actions/runs/35517764345,c9e8c79,10,tpch,linux-6.17.0-1022-azure,4,15.6,3.12.14,pyspark_iceberg,4.1.3,ok,warm,query,3,22.2314,10,ok,
35517764345-1,2026-09-20T14:51:49Z,https://github.com/djouallah/onelake-iceberg/actions/runs/35517764345,c9e8c79,10,tpch,linux-6.17.0-1022-azure,4,15.6,3.12.14,pyspark_iceberg,4.1.3,ok,warm,query,4,17.2958,5,ok,
35517764345-1,2026-09-20T14:51:49Z,https://github.com/djouallah/onelake-iceberg/actions/runs/35517764345,c9e8c79,10,tpch,linux-6.17.0-1022-azure,4,15.6,3.12.14,pyspark_iceberg,4.1.3,ok,warm,query,5,32.9508,5,ok,
35517764345-1,2026-09-20T14:51:49Z,https://github.com/djouallah/onelake-iceberg/actions/runs/35517764345,c9e8c79,10,tpch,linux-6.17.0-1022-azure,4,15.6,3.12.14,pyspark_iceberg,4.1.3,ok,warm,query,6,13.4948,1,ok,
35517764345-1,2026-09-20T14:51:49Z,https://github.com/djouallah/onelake-iceberg/actions/runs/35517764345,c9e8c79,10,tpch,linux-6.17.0-1022-azure,4,15.6,3.12.14,pyspark_iceberg,4.1.3,ok,warm,query,7,50.6688,9,ok,
35517764345-1,2026-09-20T14:51:49Z,https://github.com/djouallah/onelake-iceberg/actions/runs/35517764345,c9e8c79,10,tpch,linux-6.17.0-1022-azure,4,15.6,3.12.14,pyspark_iceberg,4.1.3,ok,warm,query,8,31.8036,2,ok,
35517764345-1,2026-09-20T14:51:49Z,https://github.com/djouallah/onelake-iceberg/actions/runs/35517764345,c9e8c79,10,tpch,linux-6.17.0-1022-azure,4,15.6,3.12.14,pyspark_iceberg,4.1.3,ok,warm,query,9,35.6851,175,ok,
35517764345-1,2026-09-20T14:51:49Z,https://github.com/djouallah/onelake-iceberg/actions/runs/35517764345,c9e8c79,10,tpch,linux-6.17.0-1022-azure,4,15.6,3.12.14,pyspark_iceberg,4.1.3,ok,warm,query,10,19.4666,20,ok,
35517764345-1,2026-09-20T14:51:49Z,https://github.com/djouallah/onelake-iceberg/actions/runs/35517764345,c9e8c79,10,tpch,linux-6.17.0-1022-azure,4,15.6,3.12.14,pyspark_iceberg,4.1.3,ok,warm,query,11,3.7079,8685,ok,
35517764345-1,2026-09-20T14:51:49Z,https://github.com/djouallah/onelake-iceberg/actions/runs/35517764345,c9e8c79,10,tpch,linux-6.17.0-1022-azure,4,15.6,3.12.14,pyspark_iceberg,4.1.3,ok,warm,query,12,16.9809,2,ok,
35517764345-1,2026-09-20T14:51:49Z,https://github.com/djouallah/onelake-iceberg/actions/runs/35517764345,c9e8c79,10,tpch,linux-6.17.0-1022-azure,4,15.6,3.12.14,pyspark_iceberg,4.1.3,ok,warm,query,13,13.4766,46,ok,
35517764345-1,2026-09-20T14:51:49Z,https://github.com/djouallah/onelake-iceberg/actions/runs/35517764345,c9e8c79,10,tpch,linux-6.17.0-1022-azure,4,15.6,3.12.14,pyspark_iceberg,4.1.3,ok,warm,query,14,12.7589,1,ok,
35517764345-1,2026-09-20T14:51:49Z,https://github.com/djouallah/onelake-iceberg/actions/runs/35517764345,c9e8c79,10,tpch,linux-6.17.0-1022-azure,4,15.6,3.12.14,pyspark_iceberg,4.1.3,ok,warm,query,15,24.2733,1,ok,
35517764345-1,2026-09-20T14:51:49Z,https://github.com/djouallah/onelake-iceberg/actions/runs/35517764345,c9e8c79,10,tpch,linux-6.17.0-1022-azure,4,15.6,3.12.14,pyspark_iceberg,4.1.3,ok,warm,query,16,5.3494,27840,ok,
35517764345-1,2026-09-20T14:51:49Z,https://github.com/djouallah/onelake-iceberg/actions/runs/35517764345,c9e8c79,10,tpch,linux-6.17.0-1022-azure,4,15.6,3.12.14,pyspark_iceberg,4.1.3,ok,warm,query,17,44.8905,1,ok,
35517764345-1,2026-09-20T14:51:49Z,https://github.com/djouallah/onelake-iceberg/actions/runs/35517764345,c9e8c79,10,tpch,linux-6.17.0-1022-azure,4,15.6,3.12.14,pyspark_iceberg,4.1.3,ok,warm,query,18,41.9826,100,ok,
35517764345-1,2026-09-20T14:51:49Z,https://github.com/djouallah/onelake-iceberg/actions/runs/35517764345,c9e8c79,10,tpch,linux-6.17.0-1022-azure,4,15.6,3.12.14,pyspark_iceberg,4.1.3,ok,warm,query,19,15.5059,1,ok,
35517764345-1,2026-09-20T14:51:49Z,https://github.com/djouallah/onelake-iceberg/actions/runs/35517764345,c9e8c79,10,tpch,linux-6.17.0-1022-azure,4,15.6,3.12.14,pyspark_iceberg,4.1.3,ok,warm,query,20,15.6676,1804,ok,
35517764345-1,2026-09-20T14:51:49Z,https://github.com/djouallah/onelake-iceberg/actions/runs/35517764345,c9e8c79,10,tpch,linux-6.17.0-1022-azure,4,15.6,3.12.14,pyspark_iceberg,4.1.3,ok,warm,query,21,52.836,100,ok,
35517764345-1,2026-09-20T14:51:49Z,https://github.com/djouallah/onelake-iceberg/actions/runs/35517764345,c9e8c79,10,tpch,linux-6.17.0-1022-azure,4,15.6,3.12.14,pyspark_iceberg,4.1.3,ok,warm,query,22,6.5251,7,ok,
